,i,j
0,0,105
1,0,141
2,0,197
3,0,285
4,0,389
5,0,403
6,0,421
7,0,506
8,0,518
9,0,544
10,0,564
11,0,781
12,0,845
13,0,864
14,1,107
15,1,175
16,1,341
17,1,419
18,1,574
19,1,612
20,1,664
21,1,810
22,1,818
23,1,841
24,2,399
25,2,571
26,2,687
27,2,752
28,2,816
29,2,835
30,2,838
31,2,869
32,2,965
33,2,986
34,3,242
35,3,361
36,3,394
37,3,672
38,4,278
39,4,511
40,4,584
41,4,627
42,5,93
43,5,136
44,5,139
45,5,391
46,5,505
47,5,826
48,5,931
49,5,942
50,6,52
51,6,69
52,6,142
53,6,250
54,6,260
55,6,296
56,6,441
57,6,551
58,6,631
59,6,702
60,6,879
61,6,880
62,7,43
63,7,103
64,7,167
65,7,273
66,7,289
67,7,351
68,7,355
69,7,383
70,7,690
71,7,807
72,8,79
73,8,307
74,8,433
75,8,454
76,8,484
77,8,542
78,8,927
79,8,964
80,9,91
81,9,112
82,9,156
83,9,320
84,9,495
85,9,521
86,9,565
87,9,683
88,9,804
89,10,317
90,10,344
91,10,540
92,10,971
93,11,51
94,11,59
95,11,183
96,11,325
97,11,424
98,11,525
99,11,546
100,11,551
101,11,636
102,11,847
103,11,890
104,11,908
105,11,953
106,12,103
107,12,106
108,12,226
109,12,332
110,12,376
111,12,383
112,12,547
113,12,568
114,12,640
115,12,674
116,12,730
117,12,735
118,13,116
119,13,154
120,13,179
121,13,269
122,13,491
123,13,575
124,13,769
125,13,892
126,14,156
127,14,324
128,14,356
129,14,656
130,14,671
131,14,789
132,14,925
133,14,934
134,14,960
135,15,16
136,15,267
137,15,348
138,15,520
139,15,669
140,15,698
141,15,699
142,15,733
143,15,742
144,15,785
145,15,796
146,15,900
147,15,945
148,16,172
149,16,190
150,16,485
151,16,489
152,16,511
153,16,669
154,16,697
155,16,742
156,16,745
157,16,794
158,16,796
159,16,809
160,17,256
161,17,340
162,17,407
163,17,592
164,17,625
165,17,748
166,17,838
167,17,852
168,18,40
169,18,331
170,18,455
171,18,499
172,18,540
173,18,585
174,18,673
175,18,839
176,18,888
177,18,995
178,19,23
179,19,25
180,19,80
181,19,314
182,19,316
183,19,375
184,19,508
185,19,607
186,19,706
187,19,723
188,19,795
189,19,807
190,19,890
191,20,394
192,20,514
193,20,726
194,20,731
195,20,829
196,20,881
197,20,915
198,21,50
199,21,54
200,21,210
201,21,220
202,21,396
203,21,519
204,21,534
205,21,612
206,21,687
207,22,47
208,22,196
209,22,705
210,22,825
211,22,834
212,23,184
213,23,260
214,23,351
215,23,355
216,23,383
217,23,450
218,23,528
219,23,601
220,23,795
221,23,807
222,23,832
223,23,850
224,23,970
225,24,46
226,24,56
227,24,370
228,24,729
229,24,766
230,24,913
231,24,925
232,25,35
233,25,66
234,25,99
235,25,106
236,25,226
237,25,368
238,25,787
239,25,807
240,25,865
241,25,901
242,25,937
243,26,128
244,26,180
245,26,199
246,26,670
247,26,914
248,27,195
249,27,367
250,27,444
251,27,490
252,28,151
253,28,208
254,28,261
255,28,390
256,28,642
257,28,645
258,28,699
259,28,830
260,28,987
261,29,32
262,29,64
263,29,326
264,29,491
265,29,775
266,29,974
267,30,100
268,30,430
269,30,537
270,30,677
271,30,944
272,31,295
273,31,417
274,31,565
275,31,671
276,31,799
277,31,871
278,32,196
279,32,284
280,32,362
281,32,406
282,32,426
283,32,555
284,32,793
285,32,819
286,32,926
287,32,950
288,33,105
289,33,403
290,33,429
291,33,521
292,33,548
293,33,682
294,33,925
295,34,54
296,34,228
297,34,237
298,34,302
299,34,408
300,34,612
301,34,793
302,34,868
303,34,926
304,34,954
305,34,959
306,34,978
307,35,43
308,35,142
309,35,169
310,35,292
311,35,380
312,35,443
313,35,460
314,35,591
315,35,706
316,35,787
317,35,815
318,35,847
319,35,878
320,35,887
321,35,901
322,36,102
323,36,386
324,36,599
325,36,662
326,36,852
327,37,256
328,37,360
329,37,396
330,37,752
331,37,762
332,37,805
333,38,87
334,38,103
335,38,248
336,38,470
337,38,640
338,38,675
339,38,717
340,38,874
341,39,187
342,39,623
343,39,833
344,39,839
345,40,391
346,40,439
347,40,456
348,40,524
349,40,585
350,40,688
351,40,779
352,41,242
353,41,309
354,41,527
355,41,876
356,41,905
357,41,984
358,42,120
359,42,154
360,42,364
361,42,405
362,42,471
363,42,575
364,42,775
365,42,776
366,42,791
367,42,856
368,43,80
369,43,99
370,43,173
371,43,289
372,43,373
373,43,443
374,43,675
375,43,690
376,43,706
377,43,961
378,44,159
379,44,238
380,44,297
381,44,312
382,44,456
383,44,504
384,44,563
385,44,597
386,44,757
387,44,904
388,44,937
389,45,121
390,45,147
391,45,814
392,45,840
393,45,949
394,46,56
395,46,389
396,46,671
397,46,766
398,46,936
399,46,956
400,47,82
401,47,95
402,47,277
403,47,301
404,47,432
405,47,824
406,48,95
407,48,98
408,48,182
409,48,270
410,48,435
411,48,632
412,48,902
413,49,437
414,49,595
415,50,94
416,50,587
417,50,612
418,50,621
419,50,695
420,50,738
421,50,784
422,50,868
423,50,907
424,51,180
425,51,316
426,51,368
427,51,371
428,51,413
429,51,430
430,51,547
431,51,568
432,51,777
433,51,815
434,51,873
435,51,901
436,51,908
437,52,62
438,52,164
439,52,312
440,52,314
441,52,591
442,52,647
443,52,652
444,52,706
445,52,708
446,52,777
447,52,795
448,52,873
449,52,879
450,52,929
451,52,983
452,53,79
453,53,134
454,53,152
455,53,178
456,53,276
457,53,349
458,53,549
459,53,563
460,53,611
461,53,740
462,53,947
463,53,948
464,53,950
465,54,235
466,54,458
467,54,491
468,54,555
469,54,621
470,54,711
471,54,725
472,54,761
473,54,793
474,54,910
475,55,734
476,55,840
477,56,197
478,56,324
479,56,428
480,56,495
481,56,593
482,56,682
483,56,753
484,56,766
485,56,968
486,56,985
487,57,72
488,57,122
489,57,180
490,57,199
491,57,309
492,57,476
493,57,586
494,57,626
495,57,736
496,57,773
497,57,894
498,57,962
499,58,87
500,58,167
501,58,226
502,58,286
503,58,674
504,58,760
505,58,851
506,58,982
507,59,164
508,59,188
509,59,305
510,59,393
511,59,433
512,59,454
513,59,631
514,59,639
515,59,847
516,60,252
517,60,389
518,60,658
519,60,893
520,61,381
521,61,404
522,61,499
523,61,757
524,61,885
525,61,891
526,61,941
527,62,70
528,62,80
529,62,97
530,62,135
531,62,244
532,62,296
533,62,310
534,62,628
535,62,684
536,62,860
537,62,916
538,62,961
539,63,75
540,63,96
541,63,153
542,63,393
543,63,518
544,63,723
545,63,795
546,64,305
547,64,414
548,64,442
549,64,546
550,64,618
551,64,639
552,65,70
553,65,342
554,65,628
555,65,662
556,65,996
557,66,231
558,66,375
559,66,420
560,66,517
561,66,631
562,66,774
563,66,847
564,66,858
565,66,874
566,66,899
567,67,328
568,67,750
569,67,756
570,67,792
571,68,215
572,68,251
573,68,557
574,68,722
575,69,282
576,69,307
577,69,375
578,69,393
579,69,412
580,69,415
581,69,498
582,69,599
583,69,648
584,69,722
585,69,744
586,70,97
587,70,117
588,70,119
589,70,250
590,70,276
591,70,282
592,70,346
593,70,361
594,70,407
595,70,414
596,70,497
597,70,538
598,70,560
599,70,563
600,70,599
601,70,860
602,70,926
603,71,92
604,71,181
605,71,212
606,71,266
607,71,388
608,71,394
609,71,414
610,71,453
611,71,510
612,71,740
613,71,829
614,71,920
615,71,981
616,72,337
617,72,455
618,72,505
619,72,826
620,72,981
621,72,984
622,72,995
623,73,168
624,73,282
625,73,325
626,73,345
627,73,377
628,73,689
629,73,693
630,73,696
631,73,786
632,73,787
633,73,789
634,73,795
635,73,799
636,73,864
637,74,171
638,74,275
639,74,299
640,74,923
641,74,924
642,75,231
643,75,263
644,75,342
645,75,470
646,75,629
647,75,674
648,75,713
649,75,754
650,75,774
651,75,783
652,75,807
653,76,276
654,76,340
655,76,424
656,76,854
657,76,860
658,76,879
659,77,111
660,77,340
661,77,386
662,77,407
663,77,609
664,77,638
665,77,687
666,77,761
667,77,767
668,78,237
669,78,253
670,78,291
671,78,318
672,78,542
673,78,571
674,78,618
675,78,761
676,78,977
677,79,100
678,79,178
679,79,191
680,79,494
681,79,592
682,79,606
683,79,677
684,79,718
685,79,857
686,80,87
687,80,168
688,80,232
689,80,264
690,80,582
691,80,631
692,80,696
693,80,782
694,80,901
695,80,946
696,81,90
697,81,211
698,81,703
699,81,889
700,82,705
701,83,130
702,83,161
703,83,228
704,83,269
705,83,442
706,83,471
707,83,776
708,83,834
709,83,892
710,84,132
711,84,241
712,84,489
713,84,588
714,84,616
715,84,697
716,84,979
717,85,231
718,85,306
719,85,327
720,85,601
721,86,91
722,86,153
723,86,345
724,86,478
725,86,518
726,86,582
727,86,689
728,87,167
729,87,180
730,87,193
731,87,374
732,87,430
733,87,476
734,87,515
735,87,537
736,87,696
737,87,757
738,88,253
739,88,372
740,88,435
741,88,578
742,88,769
743,89,104
744,89,171
745,89,370
746,89,428
747,89,753
748,89,925
749,89,960
750,89,967
751,90,182
752,90,189
753,90,270
754,90,384
755,90,580
756,90,765
757,90,910
758,90,930
759,91,206
760,91,561
761,91,655
762,91,683
763,91,871
764,92,119
765,92,178
766,92,204
767,92,287
768,92,490
769,92,553
770,92,719
771,92,739
772,92,773
773,92,857
774,92,955
775,93,136
776,93,283
777,93,298
778,93,585
779,93,943
780,94,137
781,94,160
782,94,321
783,94,444
784,94,907
785,94,989
786,95,165
787,95,369
788,96,153
789,96,163
790,96,243
791,96,403
792,96,509
793,96,603
794,96,622
795,97,296
796,97,433
797,97,538
798,97,687
799,97,740
800,97,748
801,97,908
802,97,950
803,98,372
804,98,902
805,99,103
806,99,271
807,99,376
808,99,473
809,99,530
810,99,568
811,99,637
812,99,674
813,99,851
814,99,870
815,99,976
816,100,122
817,100,195
818,100,262
819,100,394
820,100,497
821,100,553
822,100,611
823,100,740
824,101,128
825,101,387
826,101,391
827,101,437
828,101,445
829,101,477
830,101,736
831,101,971
832,102,414
833,102,560
834,102,571
835,102,602
836,102,638
837,102,746
838,102,842
839,102,848
840,102,920
841,102,964
842,102,965
843,103,199
844,103,223
845,103,273
846,103,289
847,103,376
848,103,420
849,103,870
850,103,992
851,104,146
852,104,171
853,104,186
854,104,285
855,104,385
856,104,428
857,104,548
858,104,575
859,104,583
860,104,753
861,104,768
862,105,967
863,106,149
864,106,371
865,106,374
866,106,470
867,106,647
868,106,807
869,106,837
870,107,302
871,107,407
872,107,638
873,107,700
874,107,711
875,107,790
876,107,933
877,107,954
878,108,257
879,108,417
880,108,822
881,108,893
882,108,968
883,109,110
884,109,229
885,109,567
886,110,258
887,110,511
888,111,192
889,111,401
890,111,405
891,111,491
892,111,513
893,111,561
894,111,722
895,111,811
896,111,842
897,112,156
898,112,284
899,112,518
900,112,723
901,112,768
902,112,774
903,112,804
904,112,925
905,113,595
906,114,119
907,114,122
908,114,131
909,114,135
910,114,169
911,114,180
912,114,314
913,114,353
914,114,549
915,114,560
916,114,751
917,114,777
918,114,815
919,115,182
920,115,362
921,115,402
922,115,558
923,115,892
924,116,118
925,116,130
926,116,154
927,116,415
928,116,459
929,116,819
930,117,357
931,117,430
932,117,479
933,117,657
934,117,726
935,117,731
936,117,876
937,117,944
938,118,359
939,118,543
940,118,575
941,118,683
942,118,729
943,118,802
944,118,856
945,118,934
946,119,135
947,119,430
948,119,527
949,119,650
950,119,660
951,119,679
952,119,751
953,119,854
954,119,860
955,119,905
956,119,908
957,119,915
958,119,982
959,120,211
960,120,291
961,120,526
962,120,543
963,120,681
964,120,750
965,120,769
966,120,775
967,120,792
968,120,802
969,120,889
970,120,924
971,121,224
972,121,354
973,121,437
974,121,486
975,121,585
976,121,600
977,121,827
978,121,938
979,122,134
980,122,424
981,122,497
982,122,531
983,122,549
984,122,586
985,122,815
986,122,836
987,122,964
988,122,972
989,123,127
990,123,888
991,123,988
992,124,390
993,124,461
994,124,745
995,124,796
996,125,203
997,125,326
998,125,342
999,125,375
1000,125,513
1001,125,783
1002,125,847
1003,125,879
1004,125,961
1005,126,477
1006,126,479
1007,126,757
1008,126,885
1009,127,354
1010,127,505
1011,127,540
1012,127,840
1013,128,227
1014,128,499
1015,128,667
1016,128,685
1017,128,760
1018,128,826
1019,128,840
1020,128,969
1021,129,190
1022,129,207
1023,129,336
1024,129,404
1025,129,694
1026,129,855
1027,129,900
1028,130,146
1029,130,251
1030,130,392
1031,130,405
1032,130,426
1033,130,532
1034,130,646
1035,130,705
1036,130,856
1037,131,135
1038,131,166
1039,131,204
1040,131,510
1041,131,527
1042,131,537
1043,131,915
1044,132,207
1045,132,511
1046,132,830
1047,133,564
1048,133,768
1049,134,152
1050,134,309
1051,134,386
1052,134,452
1053,134,504
1054,134,523
1055,134,560
1056,134,731
1057,134,800
1058,134,861
1059,134,947
1060,135,180
1061,135,337
1062,135,371
1063,135,660
1064,135,684
1065,135,751
1066,135,773
1067,136,354
1068,136,615
1069,137,194
1070,137,365
1071,137,367
1072,137,598
1073,137,651
1074,137,771
1075,137,869
1076,137,986
1077,138,147
1078,138,488
1079,138,724
1080,138,771
1081,138,827
1082,138,903
1083,139,218
1084,139,524
1085,139,663
1086,139,673
1087,140,264
1088,140,296
1089,140,648
1090,140,763
1091,140,890
1092,141,306
1093,141,517
1094,141,644
1095,141,756
1096,141,845
1097,142,168
1098,142,180
1099,142,314
1100,142,410
1101,142,454
1102,142,482
1103,142,591
1104,142,693
1105,143,147
1106,143,451
1107,143,455
1108,144,167
1109,144,168
1110,144,244
1111,144,282
1112,144,310
1113,144,312
1114,144,368
1115,144,430
1116,144,562
1117,144,586
1118,144,763
1119,145,516
1120,145,685
1121,145,760
1122,145,891
1123,145,966
1124,146,304
1125,146,320
1126,146,359
1127,146,389
1128,146,428
1129,146,471
1130,146,526
1131,146,744
1132,146,780
1133,146,789
1134,146,791
1135,146,913
1136,146,960
1137,147,397
1138,147,486
1139,147,540
1140,147,579
1141,147,833
1142,147,903
1143,148,697
1144,148,796
1145,149,248
1146,149,473
1147,149,556
1148,149,686
1149,149,874
1150,149,884
1151,149,976
1152,150,394
1153,150,414
1154,150,621
1155,150,843
1156,150,927
1157,151,190
1158,151,193
1159,151,199
1160,151,286
1161,151,642
1162,152,166
1163,152,262
1164,152,838
1165,152,866
1166,152,915
1167,153,260
1168,153,358
1169,153,517
1170,153,683
1171,153,741
1172,153,940
1173,154,798
1174,154,819
1175,154,985
1176,155,241
1177,155,707
1178,155,875
1179,155,885
1180,155,900
1181,156,236
1182,156,364
1183,156,741
1184,156,789
1185,157,224
1186,157,283
1187,157,445
1188,157,446
1189,157,579
1190,157,747
1191,158,200
1192,158,726
1193,158,736
1194,158,826
1195,158,844
1196,158,989
1197,159,317
1198,159,685
1199,159,699
1200,159,885
1201,159,898
1202,159,900
1203,160,181
1204,160,549
1205,160,711
1206,161,301
1207,161,532
1208,161,705
1209,161,906
1210,161,994
1211,162,287
1212,162,444
1213,162,577
1214,162,600
1215,162,840
1216,162,949
1217,163,300
1218,163,635
1219,164,295
1220,164,314
1221,164,342
1222,164,424
1223,164,497
1224,164,606
1225,164,628
1226,164,708
1227,164,713
1228,164,860
1229,164,879
1230,165,175
1231,165,288
1232,165,841
1233,165,902
1234,165,994
1235,166,178
1236,166,494
1237,166,620
1238,166,650
1239,166,805
1240,166,955
1241,166,981
1242,167,273
1243,167,323
1244,167,371
1245,167,376
1246,167,649
1247,167,801
1248,167,870
1249,168,226
1250,168,232
1251,168,260
1252,168,441
1253,168,464
1254,168,590
1255,168,640
1256,169,238
1257,169,286
1258,169,371
1259,169,482
1260,169,504
1261,169,563
1262,169,597
1263,169,657
1264,170,189
1265,170,279
1266,170,432
1267,171,252
1268,171,275
1269,171,506
1270,171,936
1271,171,998
1272,172,241
1273,172,381
1274,172,475
1275,172,604
1276,172,634
1277,172,645
1278,172,794
1279,172,831
1280,173,225
1281,173,248
1282,173,409
1283,173,480
1284,173,745
1285,174,496
1286,174,580
1287,174,711
1288,174,930
1289,175,277
1290,175,502
1291,175,608
1292,175,676
1293,175,758
1294,175,793
1295,175,841
1296,176,194
1297,176,365
1298,176,749
1299,176,813
1300,176,991
1301,177,182
1302,177,279
1303,177,362
1304,177,372
1305,177,554
1306,177,632
1307,177,700
1308,178,266
1309,178,527
1310,178,569
1311,178,620
1312,178,654
1313,178,748
1314,178,854
1315,178,866
1316,179,251
1317,179,253
1318,179,415
1319,179,802
1320,179,951
1321,179,960
1322,180,250
1323,180,273
1324,180,424
1325,180,448
1326,180,454
1327,180,597
1328,180,684
1329,181,256
1330,181,335
1331,181,454
1332,181,546
1333,181,552
1334,181,606
1335,181,800
1336,181,843
1337,182,253
1338,182,402
1339,182,902
1340,182,977
1341,182,994
1342,183,320
1343,183,555
1344,183,643
1345,183,656
1346,183,678
1347,183,834
1348,183,886
1349,184,413
1350,184,464
1351,184,635
1352,184,799
1353,184,864
1354,184,992
1355,185,439
1356,185,595
1357,185,610
1358,185,931
1359,186,521
1360,186,680
1361,186,817
1362,186,823
1363,186,968
1364,187,224
1365,187,337
1366,187,446
1367,187,449
1368,187,577
1369,187,610
1370,187,623
1371,187,943
1372,187,955
1373,188,292
1374,188,296
1375,188,346
1376,188,394
1377,188,498
1378,188,549
1379,188,597
1380,188,684
1381,188,752
1382,188,773
1383,188,820
1384,188,838
1385,188,860
1386,188,908
1387,188,961
1388,189,574
1389,190,423
1390,190,721
1391,190,898
1392,191,242
1393,191,292
1394,191,342
1395,191,368
1396,191,476
1397,191,551
1398,191,636
1399,191,660
1400,191,672
1401,191,679
1402,191,713
1403,191,803
1404,191,937
1405,191,996
1406,192,219
1407,192,251
1408,192,424
1409,192,551
1410,192,662
1411,192,763
1412,193,708
1413,193,878
1414,194,340
1415,194,367
1416,194,503
1417,194,522
1418,194,714
1419,194,749
1420,195,347
1421,195,611
1422,195,613
1423,195,659
1424,195,660
1425,195,803
1426,195,836
1427,195,896
1428,195,915
1429,195,948
1430,195,955
1431,196,541
1432,196,624
1433,196,715
1434,196,808
1435,197,201
1436,197,324
1437,197,358
1438,197,429
1439,197,656
1440,197,658
1441,197,956
1442,197,985
1443,198,388
1444,198,755
1445,198,816
1446,198,947
1447,198,972
1448,199,242
1449,199,282
1450,199,310
1451,199,347
1452,199,599
1453,199,702
1454,199,726
1455,199,777
1456,199,837
1457,199,876
1458,199,914
1459,200,481
1460,200,600
1461,200,932
1462,201,260
1463,201,300
1464,201,324
1465,201,478
1466,201,517
1467,201,535
1468,201,682
1469,201,768
1470,201,804
1471,201,850
1472,202,222
1473,202,364
1474,202,403
1475,202,858
1476,202,883
1477,202,940
1478,203,292
1479,203,311
1480,203,314
1481,203,316
1482,203,353
1483,203,368
1484,203,484
1485,203,636
1486,203,647
1487,203,652
1488,203,786
1489,203,849
1490,203,879
1491,204,347
1492,204,361
1493,204,456
1494,204,512
1495,204,577
1496,204,826
1497,204,955
1498,205,282
1499,205,323
1500,205,420
1501,205,562
1502,205,568
1503,205,878
1504,205,958
1505,206,544
1506,206,548
1507,206,656
1508,206,678
1509,206,789
1510,206,923
1511,207,274
1512,207,422
1513,207,475
1514,207,669
1515,207,697
1516,207,831
1517,207,859
1518,207,909
1519,208,261
1520,208,344
1521,208,381
1522,208,447
1523,208,511
1524,208,745
1525,208,941
1526,208,952
1527,209,488
1528,209,749
1529,209,751
1530,209,848
1531,210,220
1532,210,396
1533,210,767
1534,210,813
1535,211,750
1536,211,802
1537,212,287
1538,212,504
1539,212,746
1540,212,803
1541,212,813
1542,212,981
1543,213,498
1544,213,538
1545,213,563
1546,213,869
1547,213,915
1548,214,228
1549,214,313
1550,214,318
1551,214,360
1552,214,386
1553,214,401
1554,214,467
1555,214,820
1556,214,842
1557,214,963
1558,215,363
1559,215,370
1560,215,471
1561,215,495
1562,215,561
1563,215,693
1564,215,781
1565,215,783
1566,215,798
1567,216,296
1568,216,392
1569,216,424
1570,216,433
1571,216,555
1572,216,594
1573,216,655
1574,216,702
1575,216,811
1576,216,908
1577,217,261
1578,217,398
1579,217,404
1580,217,626
1581,217,697
1582,218,667
1583,218,747
1584,219,406
1585,219,482
1586,219,542
1587,219,639
1588,219,693
1589,219,973
1590,220,360
1591,220,510
1592,220,651
1593,220,687
1594,220,711
1595,220,714
1596,220,746
1597,220,986
1598,221,404
1599,221,416
1600,221,487
1601,221,616
1602,221,694
1603,221,853
1604,221,912
1605,222,281
1606,222,495
1607,222,635
1608,222,732
1609,222,782
1610,222,850
1611,222,882
1612,223,249
1613,223,355
1614,223,530
1615,223,770
1616,223,777
1617,223,782
1618,223,788
1619,223,922
1620,223,946
1621,223,983
1622,224,446
1623,224,514
1624,224,615
1625,224,709
1626,224,938
1627,225,240
1628,225,409
1629,225,461
1630,225,980
1631,226,249
1632,226,373
1633,226,464
1634,226,591
1635,226,837
1636,226,870
1637,226,880
1638,227,524
1639,227,877
1640,227,971
1641,228,239
1642,228,624
1643,228,666
1644,228,681
1645,228,755
1646,228,761
1647,229,308
1648,229,418
1649,229,616
1650,230,251
1651,230,311
1652,230,712
1653,230,811
1654,230,843
1655,230,849
1656,230,863
1657,230,880
1658,230,890
1659,230,990
1660,231,300
1661,231,403
1662,231,804
1663,231,858
1664,232,249
1665,232,314
1666,232,382
1667,232,410
1668,232,470
1669,232,647
1670,232,712
1671,232,787
1672,233,501
1673,233,530
1674,233,917
1675,233,946
1676,233,975
1677,234,252
1678,234,678
1679,234,802
1680,235,396
1681,235,815
1682,235,950
1683,235,964
1684,236,671
1685,236,802
1686,237,280
1687,237,318
1688,237,366
1689,237,384
1690,237,432
1691,237,545
1692,237,646
1693,237,700
1694,237,790
1695,237,810
1696,237,926
1697,238,273
1698,238,286
1699,238,310
1700,238,476
1701,238,487
1702,238,537
1703,238,801
1704,238,837
1705,238,944
1706,239,411
1707,239,561
1708,239,639
1709,239,656
1710,239,849
1711,239,953
1712,239,963
1713,240,409
1714,240,716
1715,241,336
1716,241,395
1717,241,398
1718,241,627
1719,241,699
1720,242,425
1721,242,430
1722,242,476
1723,242,527
1724,242,586
1725,242,751
1726,242,896
1727,242,969
1728,243,350
1729,243,564
1730,243,817
1731,243,893
1732,243,998
1733,244,310
1734,244,374
1735,244,561
1736,244,606
1737,244,640
1738,244,672
1739,244,674
1740,244,787
1741,244,961
1742,245,576
1743,245,688
1744,246,544
1745,246,643
1746,246,781
1747,246,798
1748,247,529
1749,247,649
1750,247,669
1751,247,717
1752,247,884
1753,248,329
1754,248,536
1755,248,629
1756,249,264
1757,249,273
1758,249,316
1759,249,410
1760,249,530
1761,249,674
1762,249,873
1763,249,887
1764,249,905
1765,249,975
1766,250,307
1767,250,386
1768,250,674
1769,250,702
1770,250,803
1771,250,820
1772,250,848
1773,250,863
1774,250,973
1775,251,342
1776,251,433
1777,251,554
1778,251,985
1779,252,363
1780,252,506
1781,252,548
1782,252,768
1783,252,802
1784,252,913
1785,253,435
1786,253,438
1787,253,463
1788,253,681
1789,253,808
1790,253,930
1791,253,993
1792,254,267
1793,254,698
1794,254,952
1795,254,980
1796,255,270
1797,255,366
1798,255,369
1799,255,532
1800,255,872
1801,255,959
1802,256,406
1803,256,414
1804,256,852
1805,256,869
1806,256,926
1807,257,285
1808,257,363
1809,257,417
1810,257,822
1811,257,913
1812,258,274
1813,258,764
1814,258,796
1815,259,332
1816,259,508
1817,259,607
1818,259,637
1819,259,657
1820,259,735
1821,259,961
1822,260,319
1823,260,607
1824,260,686
1825,260,732
1826,260,804
1827,260,832
1828,260,865
1829,260,899
1830,260,929
1831,261,278
1832,261,297
1833,261,381
1834,261,398
1835,261,489
1836,262,380
1837,262,414
1838,262,510
1839,262,561
1840,262,594
1841,262,679
1842,262,714
1843,262,816
1844,262,836
1845,262,961
1846,263,460
1847,263,551
1848,263,590
1849,263,606
1850,263,675
1851,263,696
1852,263,708
1853,263,723
1854,263,774
1855,263,799
1856,263,843
1857,263,878
1858,263,890
1859,263,916
1860,263,921
1861,264,296
1862,264,464
1863,264,473
1864,264,480
1865,265,435
1866,265,534
1867,265,539
1868,265,700
1869,265,821
1870,265,868
1871,266,340
1872,266,490
1873,266,803
1874,266,950
1875,267,322
1876,267,336
1877,267,409
1878,267,669
1879,267,698
1880,267,859
1881,268,299
1882,268,320
1883,268,356
1884,268,526
1885,268,548
1886,268,658
1887,268,715
1888,268,729
1889,268,798
1890,268,913
1891,269,574
1892,269,750
1893,269,960
1894,270,277
1895,270,402
1896,270,558
1897,270,578
1898,270,632
1899,270,808
1900,270,824
1901,270,959
1902,271,457
1903,271,637
1904,272,293
1905,272,912
1906,273,286
1907,273,482
1908,273,657
1909,273,672
1910,273,887
1911,273,984
1912,274,466
1913,274,699
1914,274,796
1915,274,859
1916,274,987
1917,275,417
1918,275,506
1919,275,593
1920,275,822
1921,276,282
1922,276,309
1923,276,310
1924,276,380
1925,276,476
1926,276,652
1927,276,708
1928,276,713
1929,276,861
1930,276,937
1931,276,962
1932,277,419
1933,277,432
1934,277,554
1935,277,632
1936,278,330
1937,278,416
1938,278,475
1939,278,627
1940,278,633
1941,278,645
1942,278,670
1943,278,830
1944,278,900
1945,278,912
1946,279,362
1947,279,458
1948,279,580
1949,279,681
1950,279,703
1951,279,769
1952,279,818
1953,279,889
1954,279,910
1955,279,997
1956,280,384
1957,280,810
1958,281,602
1959,281,686
1960,281,712
1961,282,292
1962,282,368
1963,282,450
1964,282,568
1965,282,657
1966,282,706
1967,282,763
1968,282,783
1969,282,863
1970,282,921
1971,282,961
1972,282,992
1973,283,315
1974,283,623
1975,284,411
1976,284,602
1977,284,750
1978,284,761
1979,285,304
1980,285,548
1981,285,565
1982,285,822
1983,285,968
1984,286,374
1985,286,476
1986,286,480
1987,286,572
1988,286,647
1989,286,851
1990,287,386
1991,287,490
1992,287,740
1993,287,784
1994,287,981
1995,288,632
1996,288,872
1997,289,332
1998,289,530
1999,289,531
2000,289,547
2001,289,562
2002,289,607
2003,289,723
2004,289,730
2005,289,782
2006,289,832
2007,289,865
2008,289,870
2009,290,486
2010,290,611
2011,290,651
2012,290,827
2013,290,914
2014,291,432
2015,291,435
2016,291,539
2017,291,558
2018,291,617
2019,291,750
2020,291,821
2021,291,825
2022,292,311
2023,292,424
2024,292,513
2025,292,560
2026,292,702
2027,292,787
2028,293,339
2029,293,584
2030,293,616
2031,294,376
2032,294,443
2033,294,468
2034,294,582
2035,294,629
2036,294,675
2037,294,929
2038,294,970
2039,295,319
2040,295,450
2041,295,590
2042,295,631
2043,295,636
2044,295,648
2045,295,774
2046,295,990
2047,296,326
2048,296,441
2049,296,450
2050,296,754
2051,296,843
2052,296,858
2053,296,916
2054,297,312
2055,297,344
2056,297,480
2057,297,485
2058,297,633
2059,297,735
2060,298,439
2061,298,493
2062,298,728
2063,299,822
2064,299,968
2065,299,998
2066,300,358
2067,300,589
2068,300,823
2069,300,864
2070,301,419
2071,301,554
2072,301,624
2073,301,892
2074,301,959
2075,302,711
2076,303,856
2077,303,893
2078,303,936
2079,304,356
2080,304,471
2081,304,521
2082,304,557
2083,304,565
2084,304,665
2085,304,756
2086,304,819
2087,304,856
2088,304,985
2089,305,541
2090,305,594
2091,306,535
2092,306,589
2093,306,683
2094,306,850
2095,306,882
2096,307,459
2097,307,538
2098,307,628
2099,307,748
2100,307,811
2101,307,843
2102,307,847
2103,308,457
2104,309,454
2105,309,482
2106,309,590
2107,309,650
2108,309,713
2109,309,770
2110,309,787
2111,309,937
2112,309,962
2113,310,380
2114,310,527
2115,310,590
2116,310,628
2117,310,679
2118,310,961
2119,311,424
2120,311,497
2121,311,513
2122,311,639
2123,311,811
2124,311,843
2125,311,847
2126,311,908
2127,312,323
2128,312,332
2129,312,382
2130,312,508
2131,312,696
2132,312,917
2133,313,340
2134,313,752
2135,313,805
2136,313,868
2137,313,954
2138,313,999
2139,314,338
2140,314,353
2141,314,380
2142,314,657
2143,314,702
2144,314,887
2145,314,905
2146,314,946
2147,315,576
2148,315,839
2149,315,988
2150,316,355
2151,316,508
2152,316,679
2153,316,706
2154,316,713
2155,316,735
2156,316,865
2157,316,901
2158,317,516
2159,317,966
2160,318,408
2161,318,474
2162,318,711
2163,318,752
2164,318,947
2165,318,999
2166,319,355
2167,319,460
2168,319,513
2169,319,531
2170,319,590
2171,319,723
2172,319,754
2173,319,774
2174,319,799
2175,319,807
2176,319,860
2177,319,880
2178,320,428
2179,320,506
2180,320,543
2181,320,557
2182,320,658
2183,320,780
2184,320,781
2185,320,804
2186,321,333
2187,322,447
2188,322,466
2189,322,533
2190,322,616
2191,322,634
2192,322,745
2193,322,979
2194,323,374
2195,323,480
2196,323,547
2197,323,559
2198,323,647
2199,323,674
2200,323,675
2201,323,690
2202,323,807
2203,324,389
2204,324,429
2205,324,517
2206,324,565
2207,324,934
2208,325,393
2209,325,683
2210,325,693
2211,325,782
2212,325,789
2213,325,890
2214,325,918
2215,326,406
2216,326,415
2217,326,460
2218,326,551
2219,326,722
2220,326,819
2221,326,883
2222,327,345
2223,327,393
2224,327,443
2225,327,464
2226,327,648
2227,328,364
2228,328,411
2229,328,526
2230,328,693
2231,328,729
2232,328,811
2233,328,939
2234,328,957
2235,329,556
2236,329,733
2237,329,979
2238,329,980
2239,330,336
2240,330,485
2241,330,596
2242,330,645
2243,330,796
2244,331,427
2245,331,483
2246,331,524
2247,331,828
2248,331,840
2249,332,371
2250,332,642
2251,332,696
2252,332,702
2253,332,770
2254,332,832
2255,332,851
2256,332,867
2257,332,982
2258,333,365
2259,333,494
2260,333,749
2261,333,903
2262,334,398
2263,334,489
2264,334,572
2265,334,699
2266,334,707
2267,334,885
2268,334,912
2269,334,979
2270,335,340
2271,335,490
2272,335,523
2273,335,621
2274,335,746
2275,335,767
2276,335,816
2277,335,986
2278,336,596
2279,336,987
2280,337,448
2281,337,488
2282,337,490
2283,337,660
2284,337,739
2285,337,981
2286,338,430
2287,338,547
2288,338,640
2289,338,679
2290,338,801
2291,338,851
2292,338,944
2293,339,757
2294,339,844
2295,339,888
2296,340,360
2297,340,367
2298,340,490
2299,340,503
2300,340,523
2301,340,569
2302,340,748
2303,340,803
2304,340,920
2305,341,438
2306,341,738
2307,342,424
2308,342,551
2309,342,581
2310,342,609
2311,342,636
2312,342,783
2313,342,863
2314,342,880
2315,342,908
2316,342,990
2317,343,427
2318,343,771
2319,344,477
2320,344,487
2321,344,604
2322,344,891
2323,344,914
2324,344,966
2325,345,351
2326,345,547
2327,345,704
2328,345,706
2329,345,795
2330,345,807
2331,345,922
2332,346,484
2333,346,542
2334,346,546
2335,346,560
2336,346,693
2337,346,710
2338,346,763
2339,346,786
2340,346,835
2341,346,847
2342,346,880
2343,346,996
2344,347,361
2345,347,563
2346,347,630
2347,347,650
2348,347,677
2349,347,735
2350,347,800
2351,347,851
2352,347,969
2353,347,973
2354,348,381
2355,348,418
2356,348,584
2357,348,616
2358,348,692
2359,348,707
2360,348,716
2361,348,830
2362,348,900
2363,348,941
2364,348,979
2365,348,980
2366,349,394
2367,349,672
2368,349,677
2369,349,915
2370,349,982
2371,350,653
2372,350,665
2373,350,913
2374,350,998
2375,351,403
2376,351,478
2377,352,391
2378,353,406
2379,353,599
2380,353,647
2381,353,657
2382,353,713
2383,353,916
2384,353,937
2385,354,481
2386,354,833
2387,354,931
2388,355,535
2389,355,686
2390,356,753
2391,356,968
2392,357,416
2393,357,537
2394,357,559
2395,357,573
2396,357,670
2397,357,760
2398,357,785
2399,358,535
2400,358,564
2401,358,772
2402,358,893
2403,359,370
2404,359,429
2405,359,544
2406,359,729
2407,359,789
2408,359,817
2409,360,394
2410,360,474
2411,360,654
2412,360,762
2413,360,784
2414,360,797
2415,360,852
2416,360,955
2417,361,453
2418,361,460
2419,361,566
2420,361,662
2421,361,708
2422,361,735
2423,361,773
2424,361,895
2425,361,905
2426,361,946
2427,362,432
2428,362,558
2429,362,700
2430,362,808
2431,362,824
2432,363,389
2433,363,526
2434,363,593
2435,363,883
2436,364,393
2437,364,518
2438,364,570
2439,364,589
2440,364,658
2441,364,683
2442,364,693
2443,364,729
2444,364,786
2445,364,804
2446,364,890
2447,364,935
2448,365,711
2449,365,816
2450,365,948
2451,366,405
2452,366,426
2453,366,432
2454,366,459
2455,366,532
2456,366,580
2457,366,666
2458,366,793
2459,366,957
2460,367,388
2461,367,523
2462,368,590
2463,368,763
2464,368,774
2465,368,782
2466,368,787
2467,368,876
2468,368,961
2469,369,469
2470,369,727
2471,369,818
2472,370,768
2473,371,690
2474,371,861
2475,371,865
2476,372,618
2477,372,824
2478,372,892
2479,372,957
2480,373,374
2481,373,480
2482,373,530
2483,373,865
2484,373,870
2485,373,884
2486,374,508
2487,374,586
2488,374,657
2489,374,696
2490,374,706
2491,374,832
2492,374,937
2493,374,982
2494,375,513
2495,375,921
2496,376,383
2497,376,500
2498,376,582
2499,376,675
2500,376,763
2501,376,832
2502,376,870
2503,376,946
2504,377,476
2505,377,672
2506,377,679
2507,377,782
2508,377,901
2509,377,946
2510,377,990
2511,379,479
2512,379,597
2513,379,670
2514,379,881
2515,379,891
2516,379,984
2517,380,515
2518,380,602
2519,380,672
2520,380,820
2521,380,916
2522,381,533
2523,381,627
2524,381,634
2525,381,721
2526,381,796
2527,382,383
2528,382,413
2529,382,470
2530,382,635
2531,382,657
2532,382,975
2533,383,690
2534,383,717
2535,383,865
2536,384,824
2537,384,959
2538,385,802
2539,386,388
2540,386,515
2541,386,523
2542,386,542
2543,386,815
2544,386,852
2545,387,456
2546,387,487
2547,387,634
2548,387,685
2549,387,885
2550,387,966
2551,387,984
2552,388,474
2553,388,687
2554,388,752
2555,388,762
2556,388,838
2557,388,991
2558,388,999
2559,389,544
2560,389,671
2561,389,715
2562,389,768
2563,389,781
2564,389,789
2565,389,817
2566,389,935
2567,390,398
2568,390,556
2569,390,596
2570,390,642
2571,390,745
2572,390,885
2573,390,987
2574,391,439
2575,391,524
2576,391,833
2577,391,839
2578,391,904
2579,392,658
2580,392,806
2581,392,834
2582,392,886
2583,392,960
2584,392,974
2585,393,403
2586,393,783
2587,393,847
2588,394,523
2589,394,549
2590,394,613
2591,394,650
2592,394,654
2593,394,820
2594,394,895
2595,394,920
2596,395,400
2597,395,485
2598,395,867
2599,395,987
2600,396,474
2601,396,523
2602,396,569
2603,396,621
2604,396,895
2605,397,585
2606,397,610
2607,398,584
2608,398,588
2609,398,694
2610,398,698
2611,398,912
2612,399,453
2613,399,549
2614,399,620
2615,399,621
2616,399,740
2617,399,920
2618,399,947
2619,399,986
2620,400,520
2621,400,649
2622,400,692
2623,401,571
2624,401,609
2625,401,767
2626,401,950
2627,401,964
2628,402,578
2629,402,727
2630,402,758
2631,402,902
2632,403,548
2633,403,766
2634,403,899
2635,404,475
2636,404,536
2637,404,588
2638,404,604
2639,404,877
2640,404,945
2641,405,458
2642,405,722
2643,405,775
2644,405,960
2645,405,977
2646,405,996
2647,406,433
2648,406,515
2649,406,662
2650,406,755
2651,406,803
2652,406,843
2653,406,847
2654,406,879
2655,406,908
2656,407,440
2657,407,459
2658,407,467
2659,407,612
2660,407,618
2661,407,784
2662,407,838
2663,407,842
2664,408,431
2665,408,459
2666,408,539
2667,408,571
2668,408,700
2669,408,910
2670,408,954
2671,408,965
2672,409,520
2673,409,596
2674,409,645
2675,409,952
2676,410,413
2677,410,420
2678,410,443
2679,410,452
2680,410,568
2681,410,628
2682,410,770
2683,410,774
2684,410,922
2685,411,415
2686,411,656
2687,411,681
2688,412,722
2689,412,756
2690,413,420
2691,413,528
2692,413,629
2693,413,795
2694,413,899
2695,414,803
2696,414,852
2697,414,907
2698,414,908
2699,414,947
2700,415,655
2701,415,744
2702,415,783
2703,415,923
2704,416,489
2705,416,616
2706,416,721
2707,416,877
2708,416,898
2709,417,683
2710,417,753
2711,417,766
2712,417,768
2713,417,804
2714,417,823
2715,417,871
2716,417,968
2717,418,533
2718,418,588
2719,418,596
2720,418,692
2721,419,578
2722,420,443
2723,420,686
2724,420,916
2725,420,946
2726,420,958
2727,420,992
2728,421,614
2729,421,704
2730,421,922
2731,421,929
2732,422,979
2733,423,511
2734,424,434
2735,424,482
2736,424,510
2737,424,549
2738,424,555
2739,424,561
2740,424,606
2741,424,636
2742,424,662
2743,424,678
2744,424,815
2745,424,849
2746,425,677
2747,425,751
2748,425,760
2749,425,881
2750,425,915
2751,426,624
2752,426,790
2753,426,963
2754,426,974
2755,427,446
2756,428,913
2757,429,521
2758,429,593
2759,429,729
2760,430,476
2761,430,537
2762,430,708
2763,430,719
2764,430,915
2765,430,944
2766,431,463
2767,431,638
2768,432,608
2769,432,808
2770,432,889
2771,433,442
2772,433,561
2773,433,599
2774,433,835
2775,433,908
2776,433,916
2777,433,963
2778,433,997
2779,434,498
2780,434,546
2781,434,560
2782,434,761
2783,434,820
2784,434,843
2785,434,849
2786,434,890
2787,434,996
2788,435,442
2789,435,532
2790,435,545
2791,435,555
2792,435,578
2793,435,646
2794,435,790
2795,435,792
2796,435,835
2797,435,993
2798,436,583
2799,436,653
2800,436,682
2801,436,913
2802,437,445
2803,437,456
2804,437,483
2805,437,540
2806,437,586
2807,437,896
2808,438,440
2809,438,496
2810,438,534
2811,438,825
2812,438,910
2813,438,926
2814,438,977
2815,439,524
2816,439,814
2817,440,491
2818,440,542
2819,440,609
2820,440,964
2821,441,590
2822,441,652
2823,441,678
2824,441,713
2825,441,890
2826,442,538
2827,442,546
2828,442,575
2829,442,811
2830,442,847
2831,442,997
2832,443,450
2833,443,470
2834,443,704
2835,443,880
2836,443,961
2837,444,488
2838,444,659
2839,444,714
2840,444,895
2841,444,928
2842,445,481
2843,445,486
2844,445,505
2845,445,709
2846,445,749
2847,446,481
2848,447,721
2849,447,830
2850,447,831
2851,447,867
2852,448,514
2853,448,592
2854,448,597
2855,448,714
2856,448,852
2857,448,866
2858,448,948
2859,449,659
2860,449,903
2861,449,928
2862,450,693
2863,450,712
2864,451,903
2865,452,460
2866,452,497
2867,452,513
2868,452,546
2869,452,563
2870,452,852
2871,453,620
2872,453,702
2873,453,739
2874,453,740
2875,453,751
2876,453,848
2877,453,915
2878,453,927
2879,454,549
2880,454,562
2881,454,763
2882,454,843
2883,454,848
2884,454,863
2885,454,879
2886,455,505
2887,455,540
2888,455,577
2889,455,610
2890,455,623
2891,455,724
2892,455,760
2893,456,487
2894,456,516
2895,456,524
2896,456,540
2897,456,826
2898,457,946
2899,458,700
2900,458,767
2901,458,793
2902,458,825
2903,458,841
2904,458,954
2905,459,695
2906,459,738
2907,459,842
2908,460,515
2909,460,525
2910,460,531
2911,460,652
2912,460,754
2913,460,774
2914,460,901
2915,460,962
2916,461,520
2917,461,645
2918,461,691
2919,461,698
2920,461,911
2921,462,665
2922,462,682
2923,462,913
2924,462,967
2925,463,496
2926,463,790
2927,463,810
2928,463,821
2929,463,926
2930,463,999
2931,464,581
2932,464,884
2933,465,536
2934,465,616
2935,465,645
2936,465,898
2937,466,716
2938,467,687
2939,468,501
2940,468,556
2941,468,690
2942,468,778
2943,468,976
2944,470,732
2945,470,782
2946,470,890
2947,470,946
2948,471,526
2949,471,678
2950,471,789
2951,471,791
2952,471,819
2953,471,923
2954,471,985
2955,472,488
2956,472,514
2957,472,600
2958,472,762
2959,472,938
2960,473,568
2961,473,637
2962,473,702
2963,473,865
2964,473,937
2965,473,946
2966,474,523
2967,474,711
2968,474,800
2969,474,813
2970,474,829
2971,475,588
2972,475,764
2973,475,877
2974,476,508
2975,476,566
2976,476,735
2977,476,876
2978,476,937
2979,476,944
2980,477,524
2981,477,559
2982,477,588
2983,477,757
2984,477,904
2985,477,912
2986,478,501
2987,478,535
2988,478,614
2989,478,778
2990,478,782
2991,479,527
2992,479,563
2993,479,660
2994,479,709
2995,479,801
2996,479,945
2997,479,984
2998,480,568
2999,480,865
3000,480,870
3001,480,873
3002,480,874
3003,481,659
3004,481,688
3005,481,840
3006,481,896
3007,482,497
3008,482,657
3009,482,674
3010,482,679
3011,482,800
3012,482,851
3013,482,870
3014,483,505
3015,483,512
3016,483,661
3017,483,667
3018,483,709
3019,484,538
3020,484,549
3021,484,560
3022,484,602
3023,484,655
3024,484,662
3025,484,849
3026,485,511
3027,485,616
3028,486,903
3029,487,736
3030,487,941
3031,487,969
3032,487,971
3033,488,553
3034,488,659
3035,488,857
3036,489,669
3037,489,707
3038,489,764
3039,489,859
3040,490,654
3041,490,718
3042,490,762
3043,490,767
3044,490,813
3045,490,854
3046,490,986
3047,491,539
3048,491,560
3049,491,775
3050,491,842
3051,491,886
3052,491,957
3053,491,993
3054,492,524
3055,492,595
3056,492,759
3057,493,734
3058,493,828
3059,493,839
3060,493,862
3061,494,523
3062,494,571
3063,494,659
3064,494,752
3065,494,813
3066,494,838
3067,494,842
3068,494,948
3069,494,986
3070,496,502
3071,497,606
3072,497,650
3073,497,713
3074,497,754
3075,497,773
3076,497,849
3077,498,710
3078,498,744
3079,498,849
3080,499,833
3081,499,912
3082,500,536
3083,500,697
3084,500,865
3085,502,954
3086,503,598
3087,503,651
3088,503,784
3089,503,965
3090,504,563
3091,504,577
3092,504,708
3093,504,714
3094,504,777
3095,504,836
3096,504,914
3097,504,948
3098,504,969
3099,505,610
3100,505,660
3101,505,749
3102,505,853
3103,507,716
3104,507,865
3105,507,870
3106,507,873
3107,508,642
3108,508,675
3109,508,735
3110,508,867
3111,508,878
3112,509,864
3113,509,968
3114,510,639
3115,510,852
3116,510,863
3117,510,920
3118,511,859
3119,512,747
3120,512,771
3121,512,844
3122,512,862
3123,512,896
3124,512,928
3125,512,971
3126,513,849
3127,513,918
3128,514,540
3129,514,586
3130,514,625
3131,514,651
3132,514,714
3133,514,762
3134,514,838
3135,514,948
3136,515,597
3137,515,706
3138,515,740
3139,515,801
3140,515,860
3141,515,863
3142,515,944
3143,515,946
3144,515,962
3145,516,844
3146,516,881
3147,516,891
3148,516,894
3149,516,904
3150,516,942
3151,517,518
3152,517,741
3153,517,882
3154,517,925
3155,518,589
3156,518,858
3157,518,883
3158,518,899
3159,518,923
3160,518,956
3161,519,687
3162,519,947
3163,520,596
3164,520,697
3165,520,716
3166,520,885
3167,521,658
3168,521,665
3169,521,822
3170,521,967
3171,522,613
3172,522,654
3173,522,659
3174,523,711
3175,523,740
3176,523,816
3177,523,829
3178,524,585
3179,524,685
3180,524,888
3181,524,966
3182,525,631
3183,525,876
3184,525,961
3185,526,557
3186,526,617
3187,526,768
3188,526,792
3189,526,806
3190,526,960
3191,527,538
3192,527,706
3193,527,714
3194,527,915
3195,527,962
3196,527,964
3197,528,730
3198,528,788
3199,528,899
3200,529,979
3201,530,562
3202,530,568
3203,530,582
3204,530,832
3205,530,878
3206,531,561
3207,531,732
3208,531,754
3209,531,870
3210,531,880
3211,532,545
3212,532,574
3213,533,633
3214,533,721
3215,533,952
3216,534,545
3217,534,554
3218,534,587
3219,534,790
3220,534,841
3221,534,993
3222,535,589
3223,535,858
3224,535,925
3225,535,983
3226,536,573
3227,536,633
3228,536,721
3229,536,952
3230,537,735
3231,537,958
3232,538,546
3233,538,549
3234,538,916
3235,539,555
3236,539,695
3237,539,954
3238,540,660
3239,540,709
3240,541,543
3241,541,703
3242,541,834
3243,541,951
3244,541,957
3245,542,599
3246,542,718
3247,542,748
3248,542,761
3249,542,767
3250,542,820
3251,543,756
3252,544,643
3253,544,768
3254,544,781
3255,545,555
3256,545,587
3257,545,646
3258,545,758
3259,545,910
3260,546,628
3261,546,820
3262,547,689
3263,547,723
3264,547,770
3265,548,557
3266,548,791
3267,548,817
3268,549,552
3269,549,662
3270,549,852
3271,549,895
3272,550,614
3273,550,884
3274,550,919
3275,552,592
3276,552,609
3277,552,651
3278,552,752
3279,552,926
3280,553,660
3281,553,719
3282,553,739
3283,553,746
3284,553,895
3285,554,555
3286,554,578
3287,554,793
3288,554,821
3289,554,824
3290,554,930
3291,555,560
3292,555,748
3293,555,835
3294,555,993
3295,556,745
3296,557,594
3297,557,819
3298,557,886
3299,558,580
3300,558,695
3301,558,750
3302,558,889
3303,558,892
3304,558,959
3305,558,994
3306,559,760
3307,559,894
3308,559,905
3309,560,594
3310,560,996
3311,561,786
3312,561,847
3313,561,871
3314,562,629
3315,563,677
3316,563,731
3317,563,735
3318,563,751
3319,563,860
3320,563,881
3321,564,701
3322,565,756
3323,565,956
3324,566,672
3325,566,873
3326,566,958
3327,567,633
3328,567,720
3329,567,980
3330,568,657
3331,568,674
3332,568,865
3333,569,638
3334,569,797
3335,569,848
3336,570,678
3337,570,768
3338,570,811
3339,570,921
3340,570,957
3341,571,609
3342,571,767
3343,571,815
3344,571,842
3345,571,852
3346,571,986
3347,572,573
3348,572,604
3349,572,670
3350,572,745
3351,572,830
3352,572,891
3353,573,584
3354,573,588
3355,573,605
3356,573,699
3357,574,608
3358,574,695
3359,574,824
3360,575,617
3361,575,715
3362,575,750
3363,575,819
3364,575,960
3365,577,731
3366,577,814
3367,577,896
3368,577,942
3369,577,981
3370,578,824
3371,578,846
3372,578,889
3373,579,988
3374,580,902
3375,581,599
3376,581,606
3377,581,725
3378,581,879
3379,582,607
3380,582,690
3381,582,788
3382,582,795
3383,582,976
3384,583,653
3385,583,998
3386,584,588
3387,584,604
3388,584,698
3389,584,875
3390,586,709
3391,587,612
3392,587,738
3393,587,825
3394,587,951
3395,588,604
3396,588,669
3397,588,831
3398,588,912
3399,589,683
3400,590,754
3401,590,783
3402,590,849
3403,590,878
3404,591,662
3405,591,712
3406,591,782
3407,591,851
3408,591,961
3409,591,962
3410,591,972
3411,592,613
3412,592,838
3413,592,852
3414,592,986
3415,593,658
3416,593,766
3417,593,822
3418,593,850
3419,593,925
3420,593,934
3421,593,935
3422,594,712
3423,594,842
3424,595,673
3425,595,728
3426,595,779
3427,596,633
3428,596,642
3429,596,987
3430,597,740
3431,597,773
3432,597,777
3433,597,895
3434,598,711
3435,598,965
3436,599,639
3437,599,777
3438,599,879
3439,600,840
3440,600,903
3441,600,949
3442,600,989
3443,602,606
3444,602,646
3445,602,655
3446,602,950
3447,604,875
3448,605,812
3449,605,831
3450,605,898
3451,605,912
3452,607,696
3453,607,704
3454,607,970
3455,608,727
3456,608,790
3457,608,818
3458,608,994
3459,609,638
3460,609,718
3461,609,755
3462,609,842
3463,610,749
3464,610,971
3465,610,988
3466,611,650
3467,611,672
3468,611,773
3469,611,914
3470,612,621
3471,612,813
3472,612,842
3473,613,746
3474,613,869
3475,613,907
3476,615,623
3477,615,728
3478,615,833
3479,615,840
3480,615,844
3481,615,914
3482,616,716
3483,617,715
3484,617,819
3485,618,700
3486,618,738
3487,618,843
3488,619,673
3489,620,813
3490,620,816
3491,620,829
3492,620,927
3493,621,762
3494,621,767
3495,621,813
3496,621,838
3497,621,869
3498,621,907
3499,621,933
3500,621,986
3501,622,823
3502,623,749
3503,623,839
3504,624,776
3505,624,808
3506,624,974
3507,625,805
3508,626,630
3509,626,650
3510,626,844
3511,626,885
3512,627,699
3513,627,764
3514,627,830
3515,627,891
3516,628,655
3517,628,710
3518,628,878
3519,628,964
3520,629,788
3521,629,874
3522,629,975
3523,630,984
3524,631,636
3525,631,640
3526,631,689
3527,631,754
3528,631,847
3529,631,887
3530,631,917
3531,631,961
3532,632,902
3533,633,669
3534,633,897
3535,633,979
3536,634,694
3537,634,900
3538,635,782
3539,635,882
3540,636,800
3541,636,953
3542,636,973
3543,637,837
3544,637,887
3545,637,975
3546,638,810
3547,639,662
3548,639,843
3549,639,908
3550,640,713
3551,640,807
3552,640,874
3553,641,975
3554,641,976
3555,642,675
3556,642,692
3557,643,656
3558,643,665
3559,643,671
3560,643,678
3561,643,883
3562,643,893
3563,644,858
3564,644,940
3565,644,956
3566,645,745
3567,645,952
3568,645,987
3569,646,758
3570,646,963
3571,646,996
3572,647,674
3573,647,770
3574,647,773
3575,647,880
3576,647,961
3577,648,712
3578,648,741
3579,649,737
3580,649,874
3581,649,897
3582,650,719
3583,650,739
3584,650,848
3585,650,955
3586,651,767
3587,651,816
3588,651,854
3589,652,754
3590,652,815
3591,652,887
3592,652,916
3593,652,992
3594,653,967
3595,654,800
3596,654,933
3597,654,986
3598,655,662
3599,655,693
3600,655,741
3601,655,754
3602,655,781
3603,655,858
3604,655,890
3605,655,916
3606,656,666
3607,656,671
3608,656,789
3609,656,806
3610,656,871
3611,656,953
3612,657,690
3613,657,718
3614,657,787
3615,657,865
3616,658,768
3617,658,781
3618,658,856
3619,658,883
3620,659,719
3621,660,672
3622,660,915
3623,661,826
3624,663,759
3625,664,959
3626,665,893
3627,665,967
3628,666,703
3629,666,722
3630,666,775
3631,666,889
3632,666,957
3633,667,709
3634,667,747
3635,667,888
3636,667,896
3637,668,814
3638,670,760
3639,670,833
3640,671,804
3641,671,858
3642,672,815
3643,672,851
3644,672,876
3645,672,878
3646,672,973
3647,673,759
3648,673,839
3649,674,675
3650,674,708
3651,674,837
3652,675,946
3653,675,975
3654,676,703
3655,676,711
3656,676,818
3657,676,930
3658,676,965
3659,677,829
3660,677,836
3661,678,883
3662,678,886
3663,678,957
3664,678,997
3665,679,708
3666,679,713
3667,679,815
3668,679,876
3669,681,705
3670,682,781
3671,682,817
3672,682,967
3673,682,985
3674,683,791
3675,683,858
3676,683,925
3677,683,940
3678,685,747
3679,685,881
3680,686,782
3681,686,929
3682,686,975
3683,686,990
3684,687,762
3685,687,767
3686,687,869
3687,689,723
3688,689,864
3689,689,990
3690,690,706
3691,690,782
3692,690,865
3693,690,922
3694,690,962
3695,691,796
3696,693,783
3697,693,883
3698,694,742
3699,694,785
3700,694,900
3701,695,700
3702,695,738
3703,695,790
3704,696,730
3705,696,870
3706,697,897
3707,698,720
3708,698,742
3709,698,952
3710,699,733
3711,699,785
3712,699,830
3713,700,793
3714,700,808
3715,700,846
3716,700,930
3717,701,817
3718,701,822
3719,703,821
3720,705,750
3721,705,792
3722,705,825
3723,705,906
3724,706,782
3725,706,787
3726,706,795
3727,706,887
3728,706,946
3729,707,809
3730,708,801
3731,708,861
3732,708,876
3733,708,944
3734,709,881
3735,709,896
3736,709,969
3737,709,982
3738,710,718
3739,710,800
3740,710,842
3741,710,876
3742,710,961
3743,711,738
3744,711,927
3745,712,723
3746,712,744
3747,712,783
3748,712,890
3749,713,829
3750,713,848
3751,714,719
3752,714,948
3753,715,756
3754,716,809
3755,716,859
3756,717,737
3757,717,873
3758,718,848
3759,718,866
3760,719,852
3761,719,948
3762,720,745
3763,721,987
3764,722,985
3765,723,918
3766,723,992
3767,724,989
3768,725,748
3769,725,816
3770,725,950
3771,726,736
3772,726,881
3773,726,982
3774,729,923
3775,729,934
3776,730,975
3777,731,757
3778,731,801
3779,731,938
3780,734,839
3781,735,836
3782,735,984
3783,736,969
3784,736,984
3785,737,911
3786,738,784
3787,738,810
3788,738,825
3789,738,954
3790,738,957
3791,738,978
3792,740,829
3793,740,848
3794,740,915
3795,741,819
3796,741,850
3797,741,953
3798,742,785
3799,742,877
3800,742,979
3801,744,754
3802,744,768
3803,745,809
3804,745,897
3805,745,979
3806,745,987
3807,746,797
3808,747,779
3809,747,840
3810,747,971
3811,748,829
3812,748,926
3813,748,950
3814,749,866
3815,749,932
3816,749,938
3817,750,985
3818,751,801
3819,751,887
3820,752,767
3821,752,835
3822,752,947
3823,753,956
3824,754,763
3825,754,777
3826,754,811
3827,754,908
3828,755,761
3829,755,842
3830,755,854
3831,755,920
3832,756,923
3833,758,824
3834,758,889
3835,758,954
3836,759,844
3837,759,888
3838,760,914
3839,760,984
3840,761,835
3841,761,926
3842,761,954
3843,762,816
3844,762,907
3845,762,964
3846,763,878
3847,763,879
3848,763,901
3849,767,820
3850,767,848
3851,767,907
3852,767,986
3853,768,985
3854,769,790
3855,769,872
3856,770,901
3857,771,932
3858,771,989
3859,772,899
3860,773,860
3861,773,879
3862,773,901
3863,773,946
3864,773,958
3865,775,792
3866,777,860
3867,777,861
3868,777,870
3869,777,876
3870,780,834
3871,780,889
3872,780,892
3873,781,804
3874,781,985
3875,782,919
3876,785,812
3877,785,830
3878,785,894
3879,785,941
3880,787,870
3881,787,961
3882,789,883
3883,790,910
3884,791,858
3885,791,925
3886,792,951
3887,793,993
3888,794,830
3889,794,904
3890,794,945
3891,795,992
3892,796,897
3893,796,980
3894,797,920
3895,798,845
3896,798,856
3897,798,858
3898,798,883
3899,799,880
3900,799,890
3901,800,816
3902,800,852
3903,800,986
3904,801,837
3905,801,857
3906,801,861
3907,801,944
3908,802,819
3909,802,883
3910,803,816
3911,803,950
3912,804,871
3913,804,890
3914,804,899
3915,804,923
3916,804,940
3917,804,985
3918,805,920
3919,806,974
3920,808,993
3921,809,859
3922,810,868
3923,810,965
3924,811,921
3925,811,996
3926,812,891
3927,814,826
3928,814,839
3929,815,852
3930,815,986
3931,816,869
3932,816,927
3933,816,986
3934,817,822
3935,818,846
3936,820,950
3937,820,964
3938,821,910
3939,822,940
3940,822,967
3941,824,892
3942,824,902
3943,826,839
3944,826,881
3945,826,931
3946,826,971
3947,827,903
3948,829,836
3949,829,950
3950,830,831
3951,830,859
3952,831,952
3953,832,865
3954,832,873
3955,832,917
3956,832,929
3957,832,976
3958,833,995
3959,834,883
3960,834,985
3961,834,997
3962,835,842
3963,835,926
3964,836,863
3965,836,896
3966,837,962
3967,838,842
3968,838,986
3969,841,846
3970,842,849
3971,843,857
3972,846,872
3973,846,910
3974,847,950
3975,848,852
3976,848,972
3977,851,876
3978,851,945
3979,852,854
3980,852,907
3981,852,927
3982,852,948
3983,852,981
3984,853,888
3985,853,914
3986,853,969
3987,853,995
3988,854,857
3989,854,927
3990,854,964
3991,855,885
3992,855,888
3993,855,891
3994,855,941
3995,855,979
3996,856,913
3997,856,936
3998,856,939
3999,857,866
4000,858,925
4001,861,863
4002,864,940
4003,866,895
4004,866,915
4005,867,911
4006,869,920
4007,869,947
4008,869,986
4009,870,876
4010,871,921
4011,871,923
4012,872,993
4013,873,901
4014,874,983
4015,875,900
4016,876,973
4017,877,984
4018,878,887
4019,878,946
4020,878,962
4021,879,918
4022,881,904
4023,882,970
4024,883,923
4025,884,946
4026,884,992
4027,886,906
4028,888,904
4029,889,906
4030,893,967
4031,894,941
4032,894,945
4033,895,948
4034,896,914
4035,897,952
4036,898,941
4037,898,971
4038,902,994
4039,905,915
4040,906,924
4041,907,991
4042,908,926
4043,910,997
4044,912,971
4045,913,936
4046,914,942
4047,914,943
4048,914,984
4049,915,982
4050,915,995
4051,918,961
4052,919,940
4053,921,953
4054,924,934
4055,925,935
4056,925,936
4057,925,956
4058,926,963
4059,929,992
4060,930,978
4061,931,971
4062,932,949
4063,932,981
4064,935,940
4065,937,958
4066,938,989
4067,938,991
4068,939,963
4069,939,985
4070,939,997
4071,941,987
4072,943,971
4073,945,966
4074,945,987
4075,947,950
4076,948,986
4077,949,988
4078,949,991
4079,950,964
4080,964,973
4081,967,998
4082,972,996
4083,979,980
