,x,y,z
0,621.4580406995938,406.2889054298864,552.6648584493657
1,-149.75183605539075,696.4456845248521,508.84629131902307
2,-37.484438360998865,-851.3243530643628,727.5423246634679
3,768.9064981923493,-674.4270447776534,1047.4531291137125
4,173.97081025876764,-551.7284047053238,336.05416280454625
5,-130.27028171826328,-138.270795042607,37.47324648444287
6,635.8520470702692,-815.8321274662046,1071.273973393258
7,743.3400828320312,-773.320254255874,1151.9627818108731
8,699.0776902172529,226.69865707066356,541.4859855009043
9,-542.9611166154459,54.173515941959295,299.12563140957815
10,542.2696550266276,-322.6721363024511,399.5577737324578
11,-403.4827743055271,-117.68769815847133,178.03283088289692
12,721.5825198600617,700.8885626673255,1013.3101976692384
13,61.14768618640346,423.7420658522126,184.6804653224243
14,-638.7184240656914,-854.1991324266261,1139.0014705031335
15,469.7733507435021,780.259068897554,830.8753030894279
16,-471.09670830164333,950.9435572775694,1127.6098451241342
17,457.36541108841857,105.39477857052748,221.6752660337812
18,197.25146726296248,-886.3322755353611,825.8771314168554
19,190.37940175415247,918.1495600705096,880.6270186937119
20,-666.6335886220274,-321.37449820539405,549.065996999624
21,-352.21668508807386,480.2295027219634,356.06105596278815
22,413.2391398487375,-148.9938115990144,194.3498300214996
23,-83.94858918747013,-53.11639253946828,11.252804206746063
24,760.2555117826103,658.1772318537555,1012.5697991502835
25,-688.3767754335416,171.1538032689291,504.54029675347243
26,781.7068115844786,323.6624513680415,717.2070091269139
27,-243.99140650595245,323.12737696378986,165.32719561602465
28,399.1106196073533,72.89498464692315,165.9870528938132
29,-901.3737372117257,-377.31321420543486,956.2239631728421
30,760.5738631909921,930.4526712726538,1445.59886227146
31,456.15509389892213,884.7259168856906,992.2015051229329
32,-746.4795210682078,-71.02605643418963,563.660463490586
33,-137.1271992156552,-759.0863492450975,596.4000417987527
34,-36.48853059864416,81.04594904351143,9.2839461453842
35,253.27168626348725,391.1849310652451,218.55628477904344
36,-217.50982790857825,-649.7408652375516,470.85780462023405
37,-726.2014225643795,783.2937268589653,1142.3016560949086
38,771.8683231376549,466.76279639739846,815.0323037878271
39,753.6350978312894,507.4135050236132,826.818413187298
40,-507.25607330761886,-886.6038635727738,1044.7592222334067
41,-456.95842745116175,222.44558592427325,259.67713053960443
42,753.7402398593292,-734.0447846332459,1108.33018245424
43,465.7964612252417,173.92066155039038,248.59882722785608
44,-880.9983825879773,826.8078491971148,1461.1534570403635
45,-147.51493572460413,-268.92458744212877,95.4651774165258
46,885.2222022332082,125.47080936422208,800.7453587528965
47,-147.89127298773542,232.28892901694962,77.2140625935469
48,-46.37346968250108,756.7010660378189,576.1310894569381
49,-913.4925646027132,-887.4224006076367,1623.3712701084355
50,-761.3328127306418,76.45364758309483,586.8568993928831
51,-722.3281912842069,-186.7088019067362,558.0022800571353
52,167.3536325971711,102.39002039526622,39.875042043784525
53,-282.443114515151,573.8341747222967,410.44386044001055
54,754.6405482530515,369.23047052216793,707.1975848534603
55,-534.2490648732388,92.57936341880486,295.3770892727338
56,540.4431741874764,86.11580441843421,300.87884372024155
57,-893.6054821290501,512.3700126860995,1062.4378750148182
58,-32.22910455104159,-303.931580742586,94.7972083766216
59,213.82277501936255,-324.7997092302338,152.59911765679794
60,246.38578316259895,-606.5863772565338,430.0370746416257
61,365.86063615103217,-345.38869390254274,254.53144238431486
62,576.0262042166005,-837.5726234543439,1034.7181749281494
63,236.1369232267689,-632.4732010756827,457.16708401369846
64,613.0765394159189,-121.98009719875176,392.12607471858826
65,-666.2143588508122,-423.6345190550679,624.6918650977901
66,884.3226703268181,-559.6787513568077,1096.6509773980422
67,-859.159548824862,-544.4206121172033,1035.9330206587833
68,-116.00195097287258,-183.7573540027504,48.60730520337742
69,465.05167257945254,328.1884205218844,325.3647849573681
70,79.4563820191247,726.3094599391031,535.2228356643733
71,659.1582166722096,-566.7081334523505,757.0317505513073
72,-508.8550305238579,-714.0204198449348,770.142689468746
73,-508.13469961957856,649.0353222988474,680.8318099728206
74,122.61740336287039,207.9865455580641,59.67751816440209
75,75.75385086145297,263.7030504970144,76.66203218554273
76,-867.6542509232213,-32.442155609271026,755.260480029485
77,-611.7837476712459,-51.26044331933235,378.29107438774173
78,420.80078943464173,-66.59251598944036,182.8919549983941
79,-555.5641536304586,-122.50234219133336,325.0424400652629
80,954.1017955948134,943.9801165313286,1802.7927841875205
81,-722.7534885992945,-106.84534111152561,535.1726196234614
82,468.2987725728342,495.125113238455,465.8367055763885
83,-763.7769446081908,-171.07518083778677,614.0060260374773
84,-609.1711699676035,-853.5049829615239,1100.9443576836227
85,833.1164659466278,282.9729384348609,775.5408171416309
86,861.4571027200379,884.9819798498775,1526.6855319095837
87,-11.823181738708854,237.4139134033619,57.889241327698116
88,582.3141541498248,-165.32488656965165,367.80617966626664
89,-415.7854373840885,818.2793010007001,843.8426318106448
90,-858.9916898485886,885.670772814974,1523.6635284713798
91,-301.64194712221695,-241.54539139848043,150.71612779329996
92,-938.0568789771855,-739.4293302722444,1428.0905300870506
93,485.28591377525277,-844.2177078559866,949.5900437900706
94,-328.39754260596874,449.45958651215005,311.2429533210845
95,-726.9348011747336,224.8066097968208,580.3563043910622
96,656.9590459192534,-593.2213679738984,784.8908668597317
97,887.790350305348,930.8075929691443,1655.958568648077
98,933.5515372085426,-940.0759724427929,1756.6453940124684
99,-480.69911000093185,631.7994235545204,631.6262333832849
100,-3.0682906628238698,-282.39234468749066,81.13893816946265
101,367.65000297473216,-292.57974969871384,222.15352204485515
102,117.42899709331778,398.41352773935864,173.9069958678357
103,-753.1241007192368,-476.63835429844136,795.7641192962583
104,-441.97372820780527,-124.9142020517271,212.32842172389917
105,-694.1964782167533,676.6314775019591,941.1229941388001
106,426.47517039209765,-31.878626223230413,184.2814051946217
107,47.992242518881085,437.0419914865388,194.6930450882835
108,-647.5851976240324,314.0908609104881,519.4037445130213
109,771.2418955406365,724.3433403701176,1120.8714235994266
110,322.5192494854073,-160.90989104005234,131.29474674692443
111,251.8738936087152,-773.5372495635804,663.1844221677759
112,-438.52851997873904,-437.31354478148455,384.9344867078634
113,161.59993331126702,55.76712368065739,30.60859795359224
114,-587.2756046341289,-852.0129672288567,1072.202819548275
115,144.2052405665113,556.6277190858623,332.01365648534755
116,-158.44876178014522,-365.59017167016304,160.14627115525303
117,170.71663273049512,-215.05075464453387,76.7750831877948
118,518.125400577592,57.87557687304104,273.18760054585
119,676.4567446862663,-638.0825950429045,866.1272129520004
120,354.15323035755455,-578.0360680490553,460.93429396207574
121,677.2432284185227,-648.3648339034573,880.4194357051737
122,604.4649925189908,-58.350591149574484,370.1668060922609
123,-326.0330387082537,734.8135684629663,647.6326101503887
124,-542.4684287484356,-763.6838276681253,878.8690722544079
125,-932.4784664948327,935.6229220447865,1746.290430155952
126,-675.4494668045572,188.9844304753649,493.3311845924312
127,-796.4209993940447,-730.8061012792016,1169.7480533664882
128,-434.1619866903916,839.4247954229127,894.5147052815191
129,146.47300323486752,-706.8012857114476,522.4064855837694
130,260.4229635953959,-40.05436605468515,70.80855963162418
131,-513.1260673874856,-443.56617419786187,461.4333993488469
132,-740.9990241981671,-70.83974654007159,555.48191097627
133,-845.8498996675426,856.1995502021625,1449.9238099577497
134,913.0715360955089,313.4678787738044,933.3458284745333
135,-91.39609592689465,862.2937839886715,753.2879036799525
136,180.4165130549486,544.9533974230496,330.9084109696032
137,-124.04748474362361,-840.9997592703061,724.052460987705
138,280.0134830503432,597.3777380735498,436.6518000596281
139,330.1868255847571,-760.243573823944,688.377718754114
140,-347.45085413800825,-226.82116002000396,173.55402209782432
141,591.8636247783306,679.1591664097898,812.9438110779578
142,-174.71166035735973,-924.4568958741411,886.5288040178505
143,588.0279257819129,-92.35276939078085,355.6899629372982
144,-831.124992608343,768.9272214364557,1283.4019126279788
145,-682.7754816617884,-44.570972966662794,469.55301741345465
146,839.8864491540273,-309.47681793634945,802.5692357363415
147,-258.9384634114173,415.1789073679088,240.80674038084902
148,652.234294195426,-44.73819566575844,428.7951680998057
149,498.6059535194004,-228.2706973573994,302.09949558079643
150,544.5354921924782,-160.1866212935696,323.5627433225265
151,-563.7272203070428,193.36418555890145,356.562174595735
152,-533.778954532532,215.62658853125367,332.798885407242
153,-267.16127167832633,816.2543889812807,739.0304600397571
154,835.4162261329225,934.6916703207194,1572.9528768768832
155,-363.8797217313064,-469.667892622756,354.3804686717262
156,569.5859732281576,-135.28214211877048,344.11352629828326
157,606.3066581585779,-58.93939077310711,372.4657029359002
158,827.219724833139,-448.1649415442638,886.5283754061602
159,-473.73278457099525,746.894492013043,783.6582208005831
160,638.3818338656056,160.73412742927508,434.75091295383663
161,739.2702815895811,26.46127171638227,548.6048355661594
162,810.405929892099,-17.90863453957354,658.4625778191224
163,8.294136677512597,-5.8719286466891845,1.4873596730296246
164,884.2590013557631,-516.9010091439478,1050.4847221564955
165,-107.30581958858772,270.7534443398865,86.20605396326313
166,325.09227955112647,513.2179373566271,370.46172887211105
167,-653.1196713256406,958.3926150900145,1346.4657971553622
168,-798.9329649305605,330.57551022819985,748.9581378391435
169,-920.0180962308841,171.01472705789342,877.0634216867587
170,-865.0308735437388,833.1149101217275,1443.7429530747506
171,11.018430830690932,590.6974581655954,350.4289803250386
172,-774.7641765169104,-590.6066293801646,950.459807305498
173,-634.4663869675514,-692.8192438078956,883.9301882059756
174,355.6735333129143,-856.7672129513106,861.9378069114217
175,-850.2614529558977,752.4038427704834,1290.440168422237
176,-862.7625040286505,838.6981917891499,1449.1578826919492
177,-397.5943956529293,-257.3828662164551,225.71133070018823
178,5.179340421911775,504.8739843324529,256.3086530467045
179,784.5102008577803,623.3514733138013,1005.4074019561741
180,205.08679642213383,-21.56353316613479,43.90966745307332
181,248.46809083511812,72.4072663937327,68.36329181363404
182,-708.8151329698494,510.3977002258498,764.3087925466743
183,528.1868723963435,732.9398433659305,817.5662735888786
184,-597.0618626366361,480.8635095340476,589.0966700403029
185,354.4371401246515,-889.0516399898341,917.4225922921281
186,-529.9765042337422,949.8342509257247,1184.444286695223
187,-608.5860133939119,604.1465765445521,736.7541090729695
188,437.64729651620246,-682.5953637431705,658.8556741753847
189,-387.21192072869746,-866.0278410391388,901.3213804330916
190,-710.4117670549385,302.7556441826923,597.7299462783698
191,461.7230275577276,-869.826343405296,971.1701092826746
192,760.1888573434148,444.9640871177885,777.2642250774262
193,-518.0104989169056,-886.5634809862272,1055.7137702303305
194,-804.1789166367043,-857.3532640262731,1383.1424367232605
195,-293.09811445224886,-621.2197768605415,473.2046032818971
196,633.4548925096772,202.2008452244636,443.5343700777066
197,-804.7513418136784,-20.37475272189954,649.4239401231671
198,556.9461733352889,485.6829157554728,547.461022073332
199,-722.4241076715975,-467.33321182946094,741.6810096477163
200,779.937519844862,244.12635904543617,669.2843014663083
201,-444.7950938703782,-595.8864512922994,554.307425788661
202,-627.3558804745658,-864.5081355035727,1142.333804541654
203,-765.1616952335328,-663.0111807422962,1026.44033306572
204,596.8010450137263,37.48054575453148,358.96036606330574
205,617.8279933172489,499.04456496271473,632.1409945690164
206,846.1899325261438,473.15748541081234,941.2994953326555
207,-482.9948577388072,42.58738135110195,236.48180507624733
208,226.47307287442436,-757.5288871490008,626.5241550261604
209,-264.13335952855357,871.1961064675406,830.1331749638152
210,-249.83164669022028,-365.347042122974,197.27840029972577
211,-22.223855899188038,-555.4231691418519,310.3728840143786
212,-372.85356787429987,-184.8339851418168,174.56747256377304
213,-76.74850433312577,-456.5192128884393,215.68421207742455
214,-544.7718230429285,-41.55339601289165,299.8871113254926
215,776.373594770078,267.56930375469483,675.733378391758
216,375.4733645100855,694.5514692619354,624.7660783342093
217,-705.652606459394,165.30488317268328,526.6553928274434
218,-701.6591627349571,-220.07648697321167,542.1433281921638
219,234.23694716279715,-2.4499374745837486,56.25703703354895
220,474.8862367363497,-436.4023970595746,417.3480774247275
221,-460.600389952122,166.49309122442605,241.2567560732844
222,-543.3491076516516,-172.86661159137168,326.4952056127008
223,83.66326737848044,-513.4540881934786,272.0187304148121
224,420.6119286390124,-563.9467587436052,496.3344286346203
225,46.74491666813583,502.38558896837867,255.96045466118824
226,769.957228655024,860.0303187580457,1333.8703705649632
227,-938.3918337582636,791.4090411146894,1508.2915914460416
228,-194.12797572821057,793.3224151777324,668.4302128075357
229,-686.3783113755455,60.30026144266549,476.13539528057163
230,950.4184468987826,-523.3864105045793,1178.6126463301346
231,847.8623238487257,-62.31913964208036,724.1382827916632
232,-35.854135542639256,-224.34048143977998,52.99825807191477
233,-409.6664869073144,-919.1721993715189,1014.0882500162286
234,-231.69914300671735,68.47056355906443,59.75679836791569
235,-8.848337127087234,37.35127391649962,2.8574981568725315
236,300.93709578669177,-297.116116146659,180.225209518376
237,539.5245414479566,-496.7508349642977,539.2322102861275
238,624.6624884902194,-303.5985004476074,483.7593614246019
239,46.285742757251114,-933.3505559406136,874.6697176810155
240,693.8420854810238,186.6953675937873,517.6560872894082
241,-110.42159828093293,336.18482558220444,126.59725374242551
242,16.842481255815983,760.7852318459943,580.4619255935884
243,-750.5905416207336,816.0296032445483,1230.6745619657338
244,951.927041099362,-49.076649862209706,909.9576965616569
245,-357.8337988760402,64.8399095826112,133.63332891651214
246,131.2269025157757,251.9563915843055,82.08661062784134
247,-524.6486873207505,92.8807628391819,285.2671686367475
248,-306.71796645305494,-473.8373561462349,319.9818384485238
249,362.060876086892,404.1178875629985,295.7834324649606
250,-908.2746532163803,566.7318536341338,1147.5319270226898
251,-610.440984807333,-460.4725949679665,586.0572940728522
252,60.213114477817385,-82.65252401646387,11.841146305183436
253,446.36055896368634,286.3942602066754,282.64350830147595
254,118.98092981317177,653.4903597209893,442.59019933124745
255,114.1274119352031,-272.1945477236112,88.49902538926136
256,-37.63005926923847,7.424414587889146,2.8552307163518176
257,-36.31925046947174,-134.81896405927966,20.879328448454125
258,-46.461820189951254,-391.291158243264,156.65155867849097
259,533.5464683028688,754.1609895123331,854.8147193644583
260,102.40973347382055,929.3946560504578,875.6462676291003
261,833.7639122262303,-258.124603910582,763.1746598985565
262,-142.81272314098248,-738.8912363832092,567.7398205186229
263,345.49813721287387,319.73442509881556,222.98315283460846
264,-624.8063091559429,681.4301764517108,856.114096763854
265,-608.0456974231023,-540.9017356474021,663.6783452048916
266,-187.62404141501463,728.4101484549276,567.1682127128054
267,346.6507316623986,824.9733255163026,802.1318049992763
268,871.8033466857457,-307.24020544308837,855.8217065569503
269,199.61364724179293,-785.7443092158652,658.6238150540609
270,-545.2343426781399,-940.1096433523613,1182.4707173835397
271,-728.7906404082945,-309.46637625374944,628.2893230021318
272,-427.03293450338515,-812.556476467343,843.9892420233689
273,246.62193368332873,-5.004336338546636,62.231508979666046
274,-127.69755490000784,894.6141090499202,818.0251570623957
275,-90.39294196050878,-558.1869819646545,321.12767821485795
276,626.3381172702518,-811.7311629688268,1052.5910055041402
277,795.8784895626784,792.8513814292849,1263.4199706066684
278,-947.7160734519259,-718.4303219773994,1415.6919708394585
279,409.68789793342034,225.50226185531528,220.0795312387404
280,915.0235265954452,499.856619403884,1088.5087816088173
281,-467.74466908784825,40.51797992793911,221.81086958131408
282,515.8346196499008,273.37695949039494,342.20440423334344
283,-669.175877541087,662.5563834723275,888.1614037865863
284,-147.47933441359703,-811.104978259317,681.0255272598972
285,849.7994698367365,-808.4921912755319,1377.2028497120825
286,438.7582785039003,151.20301723827242,216.75526680143605
287,-250.8961127018655,532.164189553341,347.5316714356439
288,-322.6964128113402,223.05072367886328,155.26868759874407
289,-51.02897766532362,95.91736776278162,13.188185423881352
290,903.7743613163411,-644.9789351893633,1234.1900104345377
291,-198.6981574168684,-457.3541892139821,250.03789957621012
292,-593.3580184360212,636.087246997351,758.0648112587634
293,-94.42818875167984,118.73110206275487,24.39784485173174
294,122.72001249166169,-86.2624492790884,23.885499045353455
295,-639.322996949752,-509.04559616273866,669.2454008252632
296,120.72702519683821,-206.85830049619494,58.74945852082465
297,381.86343283346105,187.95725383852687,182.53169802964817
298,62.717783174598935,-68.16518517229451,9.964100219681761
299,788.5616425749718,-635.135026402947,1026.6100533281824
300,-107.65290523346255,414.06877164238836,184.42618307841377
301,-923.8146414945127,260.5649601108985,922.7116777010017
302,-370.2274777770226,-883.2685466827271,918.6157982839253
303,37.14270639622475,160.16627398899482,28.41690338572647
304,224.20172759342245,-576.2035703977859,383.66105661880397
305,-250.58596933142883,892.6966627666698,861.0847471642937
306,788.8703397730392,-671.3209558263296,1074.3723261289797
307,446.8314341530913,692.1693360679985,680.1408077638948
308,210.1503582143298,227.19254742941825,97.16371408885215
309,-675.4952470864582,-297.46894503367514,546.1656895196154
310,-48.36933025243866,704.2930065878559,499.7523186614036
311,-380.9326290573267,-818.6761653645322,816.7244190402743
312,387.3903022424688,572.4407026784597,479.14369177829263
313,-681.3768623274809,-242.40499608579762,524.418698066371
314,-96.51864647044226,735.3148625958534,551.3878836946176
315,909.3067054504706,769.3963487525339,1420.1935134746925
316,-950.0176496080767,-28.087538717637358,904.7065318218417
317,-432.6075243093218,-882.9799276192075,968.1869100912339
318,-559.5625784754163,-889.029774976951,1104.8683074493972
319,491.56672833955645,-465.3631168680735,459.58476637539604
320,-80.2907385847227,-448.6442092932871,209.1123166586516
321,583.8369931746956,-477.4543621853513,570.2123899928628
322,-353.6112292655333,98.62080384836486,136.15105183815177
323,-909.3185496996692,-722.8140818077438,1350.7045091112543
324,807.918350989532,-121.87782761746348,668.9703541541693
325,123.3760801285755,-93.61663715088253,25.369819323105233
326,-401.494832734178,103.06020742261126,173.20359449000978
327,-479.65572608515856,787.1335594103955,851.0329433401319
328,348.2272781862298,91.10063824868394,130.94565098608
329,388.4737275316859,-576.7462248885923,484.9321323293778
330,600.9741314689147,-509.124973287481,621.7622325435673
331,-930.7010101055614,-82.98108967777875,874.4743188793965
332,395.18484576504056,-435.6208966789126,347.32071536945125
333,731.6880325083932,-592.5810101669977,887.9037179503155
334,788.5678441708485,-710.0461669684125,1127.388891510567
335,-737.4289936635837,-921.2174571665328,1393.827211507831
336,-77.13631002950171,270.7324288965219,80.63014580495027
337,-335.8104602227488,-956.8360202453282,1029.6879222577052
338,-694.7795819048322,33.52125915109764,485.226429670701
339,-217.405726112318,-489.3924953660421,288.1543516907983
340,734.0500626335881,-774.1797992822688,1139.5679434928813
341,-751.3326077070758,808.325973864559,1219.2756548517752
342,-953.0290678498478,724.3927349704582,1434.3933260685028
343,-896.3817105713567,827.2970994290195,1489.304749194273
344,387.38775801867587,-714.8724366857505,662.4959632195312
345,-427.28257752738807,427.68656447271405,366.87028591269393
346,-601.0808010155563,245.38743028736621,422.8972077163124
347,866.0526949159978,680.5520510244498,1214.5824519486205
348,337.4554500307506,138.05887588880796,134.32052139091024
349,-418.83008644554354,-681.2466645828906,640.8997467410676
350,-86.38142778396264,686.8796519739683,480.6494947856483
351,-454.4271374430375,657.8814915697653,640.6961676185051
352,744.2162645111289,-246.72701386351548,616.1161551566786
353,-164.39215835569985,792.8678869510354,657.048355310818
354,-644.3932424227834,694.0730352965215,898.3641166296471
355,-299.35936649679434,-20.875281924828414,91.43589512857565
356,-312.3961641485347,-663.7728386491025,539.5698321267782
357,-606.3361135479715,410.99490741065165,537.9443839337214
358,-516.9019278084766,83.99872102089353,275.627475529038
359,-45.192811904996915,-344.869451218549,122.36141605543614
360,87.07070698862572,-822.7025306639373,685.8048494001184
361,-495.8230926775318,836.3686521044976,946.7371488791791
362,597.732367234212,909.9634117515409,1186.7014809896918
363,629.3914172200243,-104.85200282939854,408.5115859913395
364,675.4821232202505,654.8686170861365,886.5130918582191
365,-325.3521537558943,417.8075524588469,281.80126226902365
366,-275.6346941498997,203.52482927012693,118.78092817231563
367,198.52454803564456,-58.52000535104469,44.2206746228158
368,716.9486912438149,484.0724867807096,749.7256857580519
369,202.46839249256868,-526.1545800260519,319.2161794646885
370,-41.78802607748503,-70.95728511923392,8.16526285871738
371,620.631575783425,-873.7402079402161,1149.9895912546017
372,-361.5666766316857,391.8376732471604,285.651311250003
373,65.70376560297314,-768.7257903192066,596.6404129400719
374,-594.947704695494,424.94452055536794,535.9247042962409
375,-78.16722057700326,12.450574619881422,7.649218604871673
376,-795.6065674708341,-230.81674140005464,687.6502657370353
377,-639.6656000121525,271.0249777538513,484.0107058291552
378,-260.8385323337616,-90.4261175366563,77.5977101065565
379,-877.9942930821179,-53.116418410883966,775.0794200133407
380,-785.8925976318039,-714.991032449383,1130.2234389192718
381,-538.5572844995996,833.8002592030639,986.6509083584517
382,-409.52930027947457,-1.8561272131032638,169.1017804193998
383,-645.0504027497918,220.00534123905322,465.8764596851534
384,-434.2061345465105,417.65378834028525,364.35374161658666
385,-855.8223207671319,74.48986678408437,739.3646724005229
386,629.0932192556738,-201.7599040066284,437.8494248020038
387,583.4865697691723,62.42470113903789,345.7375078370659
388,-686.2521551677951,319.0432832316708,574.1147244714601
389,222.44017080996332,891.3995003947643,845.4567863177738
390,-477.7635341218643,749.6333437316357,791.5922319946591
391,-580.9738408705198,-663.7477950791891,779.4758266721019
392,819.2734831370324,690.4275065081886,1149.2832693383727
393,-806.919401842408,142.98839059105376,672.9486883373017
394,499.90066136328664,254.6290286305159,316.120700876544
395,-658.300780679335,559.4125357694877,747.6863904428429
396,145.64520855781734,55.65811975731799,25.69444049454262
397,117.61987375856302,-243.5439122680799,74.53215932959506
398,-666.2647447743658,314.5806432536008,544.2537786628727
399,294.12015482214633,-873.9977181820419,851.7627642837919
400,52.06331134727054,-855.9157438495715,736.6864363817808
401,-519.0854643567778,-822.1670566647688,946.7924757950734
402,-821.4192126690534,-194.77788646679505,714.0520354220919
403,372.89621311751307,677.226207996757,599.071009978821
404,92.48042895122921,-178.76061503718915,41.89207465125005
405,-171.70027276605288,137.47603248453947,49.76473059939967
406,464.2462594767535,-314.0038321467101,315.507083464749
407,15.750504270633769,-109.86437122091286,13.702345872318354
408,669.4465967681872,595.7972258779739,804.5171677121699
409,586.6403124842964,-216.45637524421147,392.38430603930834
410,164.62216132089634,-414.10024252937524,199.96355428462317
411,284.53656076487096,-21.526964238073106,82.80855202498094
412,-833.5711792988421,758.0974156438033,1270.9366899872484
413,141.75643012410796,-376.24614262465,163.04013274523214
414,384.5432302839515,318.4482437623226,250.66686733629638
415,-54.956534531137095,-272.967511751969,78.91557058350597
416,-844.7415497556527,907.7800967619085,1539.0370773844145
417,649.1110683404859,108.88459671186797,434.58512186700557
418,444.406704869883,290.1810736425484,283.086462257422
419,-229.83971901779546,-36.24406829560803,55.52401634856842
420,-667.940423027311,734.1862231425123,986.5579063899426
421,-532.7187050870938,-2.859771676764126,285.1814844674858
422,-783.7513100436365,367.9329362986937,751.0248490322676
423,-510.63409428923984,592.019025335501,612.6177920335615
424,-878.477217904507,-150.08382638693195,795.6314647439582
425,-181.67135775401948,-407.01287140269733,200.04804713943014
426,723.6640853500235,-895.010003698418,1326.1167025695008
427,461.7426319262804,-921.5589928653635,1063.8613228930042
428,429.65531597583094,-11.498760748555014,186.11999946881616
429,-253.38136986861832,798.6575137377804,703.4400302700831
430,239.6221289168618,-623.4586540624377,447.5035454157681
431,694.724279165137,145.81970028372325,505.2892964761266
432,758.4499692190991,655.6695821817989,1006.5330442306797
433,-618.7331559249258,462.3018665289444,597.9378214607369
434,809.0800470043985,722.8375060903181,1178.488670095283
435,919.2005692122889,-139.52430253741625,865.7808048625209
436,-71.7312226889776,499.21329881884867,255.74337344982536
437,700.1699853067505,-884.8455696728702,1274.573777917934
438,555.6400305897846,-616.2234713805863,689.8512976979295
439,-265.5486265768409,-833.4255259623734,766.4982678262778
440,930.7642788595563,59.386262561359445,871.2329584057292
441,925.9047418200669,-752.4996326106502,1424.9393754278208
442,84.58093142989014,-856.068722146285,741.3916784224938
443,200.5811878086572,788.0597064604647,662.6550012730581
444,-361.2249070973364,545.9020072379467,429.8765224376711
445,791.480153023783,547.3468307880466,927.4134732280421
446,-104.80863594512675,258.500591825803,79.19149356674106
447,508.32578906541653,74.72503947577115,265.36302677740645
448,246.86511064759975,833.0818214248329,756.3517914673415
449,674.2033860034082,133.4083969172284,473.73209349025797
450,-20.0591628868807,-554.9406801761836,309.74561595390026
451,134.50750580389217,-530.5918580995335,301.0040764228721
452,337.52625820155254,-648.175592231681,535.4396607642042
453,802.4625503662053,-70.73424732800572,650.3335659090666
454,358.9505811590377,-282.7955797773134,210.2029470797703
455,689.0821193241422,559.0271649000163,788.7296256921738
456,-152.56058647720738,-451.1350904327565,228.18168978981345
457,-28.325377426907266,474.6131595549657,227.44406565289665
458,574.5656209838774,-343.7242778167821,449.6561194010295
459,-139.59564597968586,-28.098748436086453,21.660571463932808
460,793.7225705593073,185.60672820036712,665.8294639922921
461,374.23262185715475,63.41693208094682,145.45584996041214
462,535.2779235084197,172.57119585779787,317.6873604590486
463,-239.43149882256375,646.5138125100984,476.6916398185346
464,-295.94790273215074,194.91401259502436,126.96072086122442
465,-17.046472149790134,-259.1402966654017,68.82836299235854
466,-337.20258142596003,-676.5138788099116,572.7606965665356
467,411.66277308383997,-616.0587548406277,550.3787155826343
468,484.1977793971548,-910.8178242771235,1065.4206860178213
469,-642.7020487676696,255.58407136331607,479.7732284485811
470,835.4784677374512,342.1039546620839,816.443473272129
471,282.39611113528485,368.89335982328635,217.2139619298173
472,218.08930337690708,123.7453836630907,64.25995164912268
473,-670.4740919236262,-26.864307387616236,451.6412863760001
474,-816.9688091671156,720.4515101588195,1187.872501065831
475,-782.7066444907837,769.8036804114893,1206.611485128869
476,645.0490901605137,563.3185392027385,734.8001927501865
477,-336.69757786317257,-71.81482301651636,119.90671516759329
478,-677.2211996851137,-501.61248465685946,711.6277254903454
479,-439.9742978041712,-779.4181652337061,802.4541464483228
480,68.95772387552324,-493.21787093424746,249.40312331477747
481,-492.4633864965218,-694.0698768329183,725.6372683902576
482,-688.1012055969433,382.0104852627255,620.7993674184024
483,820.2778467869091,548.2486843835952,974.8164532814835
484,714.1522197807021,-155.88853165906232,535.6987147442953
485,338.0786533267019,-586.6049764962933,459.7866617091856
486,-456.5111012180946,-159.2946167545083,235.16124788609568
487,51.008337321018644,-56.505636162050564,7.178824818105416
488,714.4393212681287,478.89056237018076,741.143801925065
489,-951.2143568868133,-464.5466999584857,1121.9964766136857
490,-791.037964295366,-569.7164928679412,951.7020306260761
491,939.7793804915666,-490.47097395009405,1125.1311477084391
492,780.5862409528329,800.5559750876148,1251.5888362371284
493,89.91684688643068,-603.9772874279686,374.2576905066173
494,469.56364573169435,819.6009587509589,893.6198364021037
495,530.2639020509896,698.842165072369,770.9442649251503
496,148.48391185115406,-181.9605008424087,56.54118336921405
497,-832.1180196096107,-879.3443337701915,1467.0509433165348
498,912.8163553596632,906.093786019311,1655.6237350986805
499,-66.13966020372504,110.87840965933128,18.052563804219258
500,-299.1736792239567,-612.2275934402999,465.7116039338726
501,-542.6152048209476,564.9801991542456,615.0179733630226
502,682.3080758459548,-252.87655790412975,530.8749513258225
503,-646.7118270330357,-704.3353456698349,915.7085538080254
504,-458.6978143110074,368.64790724728164,347.6890517952683
505,-230.56831161525326,-40.680543972878695,56.2007404028104
506,473.80991720697807,-533.589101703731,510.5972545244506
507,944.7433684570956,926.4375623903454,1752.2106766751972
508,-442.57499639925084,-525.4540066974184,473.35862801594004
509,-58.90902550196233,-204.5956653498689,46.713746989318956
510,-426.97425012991084,-111.88459914093744,196.2092612227005
511,125.25596879468299,417.3472460633004,191.25186893908818
512,917.986024163778,552.3281315857196,1149.148792924765
513,-164.59488816776548,762.7224701520086,610.2211311095134
514,200.00576964462766,875.1026516523316,807.1910462438545
515,-273.6997060813037,-574.9949641069879,406.9148252811609
516,-336.6975224812164,-627.2811613519602,508.23096445582576
517,-756.7261009642702,159.58776715507997,599.4867347299036
518,-382.6550682124015,-367.75865417920636,283.0554163761113
519,-159.2499675759533,628.4736608809044,421.7237820177608
520,-501.8180749023362,475.7207425218746,479.515692588023
521,803.9807245152692,-891.580427854828,1442.6847521496682
522,-244.0039070828575,-862.3082227037578,804.4974650379859
523,106.54194115887822,204.064998010826,54.37779606283285
524,39.83680626400508,247.2658340917103,64.11145126615764
525,830.8406603366707,-297.26818742483465,780.0486655472943
526,-133.62868803669244,-348.3729459721071,140.6044231754649
527,-897.584485296318,957.691445218303,1724.2148999127505
528,-868.5513058094109,412.04568314784774,925.5471032477819
529,833.7974302780867,183.79720207205241,730.3836536516284
530,-469.92094077402874,-334.99788634586184,334.43336185791577
531,-696.6816302665511,-774.4933212549898,1086.589286043217
532,146.6204978987937,-753.3231309868462,590.3773975076879
533,533.2982588592513,432.1927598038815,472.5817019529771
534,-714.1845592890895,215.92227188355582,558.0660996460799
535,169.52115317511675,522.6352837776017,303.26914864688814
536,-307.1071363896615,208.28196878048448,139.0802591643054
537,5.470698919116103,867.110417440181,753.2944920037211
538,-528.7353905810332,-169.6876850015601,309.739111117839
539,654.2397638234042,-310.1964035193579,525.6355647478207
540,-822.7975022126109,-643.4434002362598,1092.3992263786836
541,-263.161840504055,819.1635696882445,741.6671956256416
542,554.032079370463,816.5567371858092,975.1005374388662
543,696.1250575500037,732.3475659448391,1022.3071405180989
544,-65.67307418097084,233.6246889551369,60.27753538553632
545,-123.85603958264596,548.7789522116029,317.8827443553353
546,-507.07301128097873,223.1568120258753,308.30608894688396
547,395.20399508623404,481.66621009594405,389.57262310408277
548,945.4177132605212,-681.2568407436559,1359.3096230305525
549,253.92925582034877,-355.1122658269834,191.96887572602282
550,333.3535316887169,745.9637247587727,668.970543169095
551,-670.0133702438382,224.81478619142717,500.8436918195762
552,-371.4237099272069,-202.81822049190134,180.474890283364
553,122.35556598283574,551.234710121342,320.21467759331256
554,522.0042992247759,304.20606033738727,366.413902978916
555,-680.6286702114378,540.8246606784803,757.130787735556
556,490.09045153143757,-464.1160379042916,456.97643474603876
557,-841.3924183232214,-666.9244436876052,1154.113502623593
558,911.68011522336,-660.1273145965521,1268.3127913939068
559,-248.55417028763998,-937.3989053890211,941.8799708156847
560,920.3845190441709,-380.18779987087566,993.0345134905994
561,-180.3490468824317,-63.26966186435516,37.912916247603945
562,677.7632807480175,700.9100930023012,952.0221106265831
563,290.8610609934585,882.9662197689345,865.6135894790553
564,225.13284521141009,-917.2587839882049,893.4325622202776
565,321.6633600333473,404.2128233522103,268.23941117408054
566,826.4452966405977,-769.7325582043331,1276.8841269229254
567,598.3685997226135,456.1739398498871,567.5237319559423
568,725.9133965829167,-6.692372711922189,528.3791346148347
569,276.0487569955685,-655.5533333369694,507.3371765117828
570,-605.9893711819282,111.18747270344716,380.969859495421
571,-5.241448748033349,-579.5062415103953,337.23904415825535
572,-329.99830323429387,535.4641977863123,397.0048746722245
573,47.04879753073203,-305.4612228145104,96.90423541619634
574,83.87164219592523,-563.3473917809196,325.77882361477873
575,-509.3724915404737,-901.2919536841806,1073.1716083377698
576,-200.82473234953886,-359.37313218198426,170.86370868132644
577,-837.7933381258221,747.939481119048,1262.6952322484112
578,254.78141482098658,816.0554763672246,732.2441972708941
579,-118.47809711081607,-530.1491347116805,296.47925195431606
580,800.1489949129732,-602.6777195951306,1004.8429351804007
581,523.8024913230952,-90.18440196875179,283.88636369851514
582,629.0106640415818,-882.0611811183383,1175.0704301376823
583,-138.8808845246407,-665.7002331623353,463.8287879425067
584,739.823427137173,-830.0949455145778,1237.7804093336144
585,-390.2395582441238,404.503668824593,317.29421833489744
586,805.7928785598012,785.8500901040372,1268.2466146779866
587,678.1067730631955,206.25729066822305,503.75495305174854
588,-366.10789655715985,-925.2696421796554,991.5429900845483
589,324.83370559941955,32.93756768910055,107.98590708249702
590,105.43881861198997,7.776177096432889,12.561900824299766
591,121.58938922249604,944.8367549308814,908.8845604635907
592,-164.39309701459445,-43.85809620865234,30.332710372869826
593,236.74066663059125,-829.5823639126094,745.6371291753023
594,66.84389368180905,337.8354765581694,119.98500276760296
595,905.6238788147637,-751.354222921645,1386.0718656054596
596,373.1566790508257,-56.61514388778062,143.8352690614476
597,-654.605823626606,-646.1511070240526,847.4041248580486
598,-486.06334058223104,-819.5572264815806,909.3157059599114
599,-761.0975035144796,-442.8251763715359,776.7476341082279
600,-879.8796233200819,502.32953955467906,1027.9072052668778
601,-180.29249818811275,-421.29390409299515,211.37802595260098
602,935.4420149373295,-817.1540435261982,1544.1765815849994
603,548.8450208793142,-592.2212232647762,653.3409216530154
604,241.03713648322264,905.2564297457088,878.9721921837518
605,862.927940074979,74.9030260404104,751.6391804958295
606,-597.7152155277902,-434.5314130148089,547.4651151938517
607,-140.7974261251386,319.2421893934106,123.12357811593469
608,-509.97332859770046,780.9514919109049,871.342116022659
609,-696.0041953004368,539.1767353531739,776.5174792456877
610,-820.2644019458405,-269.63030498650846,746.9182778904576
611,45.67465437218925,-512.7082596037933,266.34002094174224
612,-111.99552264769648,-168.24368766920372,42.23302295743582
613,-275.3502782919761,-151.53939194397208,100.16605048999003
614,-397.38855087607726,858.9179702743406,897.0418274513543
615,566.8459311612085,-595.6651712331582,677.5153933180178
616,634.013493766193,-864.81852165619,1151.268273100985
617,830.5584333084853,474.77236024099693,916.6201926124253
618,113.84018420071743,775.7355497039107,616.1093180370544
619,-471.9150593586675,-164.29968120117803,251.08229591607596
620,17.445032300476896,-210.16610696881867,45.85820909416616
621,742.4784654401133,632.9923720083948,953.337702086892
622,-171.47229424585794,816.473766638914,697.4162467272464
623,489.4411207864414,320.6811275084765,343.7730836805683
624,280.3430092415106,104.41854179358779,90.87952212465747
625,-690.424448708067,903.3076428193065,1294.0347043733825
626,-564.2797961665967,-710.134855738652,824.0872891205447
627,769.4699705535063,224.03145780897057,643.6582170953991
628,-675.7619287287816,-919.0746812998896,1302.736541549509
629,27.76594651419282,-537.5984714104698,291.1671516724752
630,-717.0144779010866,820.3915291717228,1188.5361100802581
631,-931.4090458845694,847.3103860381998,1586.8417884675796
632,560.9551871648698,-509.6194735514365,575.76681725379
633,350.6929705741916,632.0471974439611,523.8533068306889
634,-866.9668646290895,-470.30641576081274,974.2037564943491
635,-213.57959162587883,-642.3901361929638,459.6654164608644
636,481.9186516738969,727.3191858348646,762.6228723384496
637,-291.8361858165441,879.075072810987,859.325430413363
638,816.4381002756311,106.77004457560383,679.3551014241306
639,-833.6558865121777,308.130098037527,791.3103818567936
640,-644.8177589328985,326.05523057382084,523.4860430435657
641,-930.6086292567718,-45.2151043052495,869.460913928275
642,-922.8526341466899,228.93273120827257,905.4512671937359
643,472.61650929583493,327.6145390210297,332.08173846071435
644,-609.3792163991479,-43.05571116100782,374.58091106659225
645,-485.7788816584716,577.3912128425327,570.7458219568988
646,676.8615357441677,596.0117215348087,814.7555982006121
647,926.2062352576329,-483.203588951555,1092.7277860295535
648,-35.28045018764681,-153.9438575542872,26.327508867910254
649,-156.967575216598,449.2380195336989,227.8377052877109
650,768.4452666692146,-357.86237773991036,719.9576966917552
651,-749.799573939704,242.22738582462284,622.257594947365
652,467.6312077354721,569.9599736062978,544.9174053852006
653,823.974409240883,679.2909513138216,1141.7541110444715
654,-427.655863854038,543.9658981969226,480.1725237137008
655,-920.7871401982912,62.05889690880531,853.084351663858
656,746.0475161507227,173.63259770657305,588.119262764768
657,-539.5882375108338,919.5910816179253,1138.187310875046
658,-125.90591288550729,-155.09353044755062,41.29038950999082
659,-198.97830771937095,799.1662987969701,679.6432274994854
660,660.1665140326954,-698.1487716872214,924.6156210822296
661,-314.02903666414795,-308.68725259904693,195.28614320913312
662,-245.843089217238,-457.6485268102277,271.2650860312191
663,721.7735182095737,142.51765469339603,542.6523809117044
664,289.8116346389959,619.3075427208355,468.91670346681883
665,-124.42834512952447,-605.863849798206,383.9375049877478
666,644.7679127352751,-653.5475830879527,844.2341920768804
667,-958.6567960157865,-776.1295878666772,1522.7840771331244
668,47.698298562510445,737.599135551751,547.7116998762214
669,211.5891067450218,183.7226894816722,79.90806414730774
670,628.0516768532787,5.877959385057238,395.8675466285201
671,-586.1577455177523,-947.7319440973691,1243.1608279168054
672,103.20649377734912,412.75132816775704,182.399326685834
673,412.7317708793953,-34.52647316190894,172.92367946601422
674,501.77442344015685,-551.2741073898015,557.0648009208969
675,-61.721600092502854,-713.2365048098382,513.8999551351058
676,73.38297384514522,371.6767490407949,144.91275405166385
677,-199.7004418232915,553.1311639332321,347.2184384023225
678,766.6963681797447,-551.3383166045542,893.1813477601269
679,-336.62753151362483,944.7625143062658,1007.2783908350261
680,-406.39619224363037,673.3964914970436,620.0047872544222
681,286.47442417363095,-704.3014477519768,579.4922124349165
682,477.6464960650678,-721.5407800749281,750.1513599381452
683,117.9228994237917,-292.69455757581784,100.96000166678999
684,-696.6219254542244,-530.1586163143793,767.7343528997009
685,-686.9674283851681,-515.7878498464229,739.3454411350997
686,714.8219492361397,-141.84610369933353,532.474823668209
687,-15.986250313523897,128.29086559542043,18.098193818081427
688,370.79479102713594,605.0552799459506,504.96475626710253
689,-178.32717894953112,-459.5642791903599,244.38399688362574
690,-895.0516892930624,-123.18327260051251,817.6757325787095
691,-239.76264675330026,-712.7604927367234,566.8977342082173
692,256.4997132784606,533.1969719994322,351.47520128506835
693,-158.84799991704813,-327.4070415375088,133.8121453497631
694,25.48518289770891,-646.4860649192634,419.97781410589624
695,861.3794674557626,548.6829105104628,1044.4116106643783
696,-869.4432702625224,-921.6960457641046,1606.8392884057487
697,-801.9413495218928,-89.94764305073181,652.584593987149
698,101.87009609429788,832.9618431399674,705.5870360291658
699,-79.60051331234115,501.5977951227817,259.3206772153968
700,-301.4572768807154,647.1595952918665,511.07611898644126
701,593.3579060145014,327.49825619320427,460.7127998632761
702,20.275881688783784,-9.338736627202138,1.8824108038223601
703,350.70714716790644,676.0316960526397,581.3984445662329
704,229.95180775138647,429.48061314178744,238.71551837654886
705,-536.645048773625,-880.7276864658918,1065.053253504581
706,-396.42325354512695,-873.343315981402,921.2640309444677
707,425.73926895700106,676.8080105125341,640.7070956497488
708,629.5747074425446,-309.31211961659096,493.42238701684647
709,683.4736835918484,-618.7140049023931,851.3273834487412
710,-100.39547360075073,98.40716683714709,21.147309028205697
711,713.1210160232438,-805.6882437499532,1159.0592170346804
712,-107.63485365318888,395.43177129916876,169.33563489751407
713,156.0654490608399,63.59380456356678,29.7846837932033
714,258.0147052200932,874.2158582730901,832.2090423897398
715,288.3189939583865,-138.01334089564546,103.55961196612631
716,-63.43688467789832,-531.7618626688206,288.17900435042316
717,-231.5320704822675,-664.1159291284799,496.0411544077624
718,70.76215718925027,623.4737923349069,395.11094004231927
719,-156.68023254512354,784.0194826356344,640.6193318464144
720,-270.5407546335608,-229.8108663981294,127.38942165612801
721,424.9534387322956,933.1335834094727,1052.7077970007788
722,-457.13166794715477,-691.3408976108938,688.3056859733566
723,-401.08974225982354,-179.0078344954561,194.30087358057682
724,106.2951018318281,-94.12319730766978,21.541912368629802
725,-584.6233449081376,-353.6868860842419,468.2629562233193
726,-438.4459464038687,-171.4985344406848,223.0306826570594
727,-185.33173634740035,-622.3715755652262,423.0783179928569
728,716.2719592682704,736.1133412234369,1056.2924581849115
729,-739.2591680658024,-397.5410067504181,705.9270570412509
730,154.25247174441415,73.83183740361983,30.629052677428398
731,-814.498262448501,-878.9815619431113,1437.4000931913513
732,413.9964447662135,-26.098763863920908,173.4582891780617
733,-173.88513074651416,377.710922401317,174.2856670197586
734,-40.18440451843628,414.947490973954,175.18029405585355
735,871.8228367620184,-302.67736442041655,853.0727330560352
736,-874.6361647699486,-414.2560527270779,937.9805853682767
737,645.4348667215509,-903.811988285373,1234.846364771998
738,-819.7628563246803,132.37796231116454,690.9191529390272
739,-488.6502908699413,-78.97736248150045,246.40061797558508
740,-193.15949032495553,-309.3433240292027,134.38796824780542
741,404.0283291450362,-790.1478707019886,788.9566357503887
742,505.9620018842945,-777.3104759458272,861.5932107896639
743,59.333754272625356,-190.40800905249955,41.15979173119359
744,-952.0791126946164,-378.54647737362234,1051.136159785119
745,858.2755946549694,-715.6300388606289,1250.1474363237792
746,910.6256537648576,-411.33564096495934,999.8201782465009
747,202.74320046530147,-165.53829210460162,69.89181891159438
748,-11.427035052868405,767.6431630734539,590.7906903672895
749,616.4513540650789,-415.9456930338489,554.4071789058507
750,-817.0823282131963,464.96898838138804,885.2037786584815
751,-334.5530039804787,190.98948539935532,149.7867834292453
752,-594.6449301389704,-431.2996395452491,541.0060594356154
753,592.1189472584533,240.6446202181353,409.89876836616213
754,-691.3623969602539,178.5356796075239,511.2410402473207
755,235.03570449663903,-830.2554606900092,745.9499998175833
756,-248.43281492132724,282.46986784177466,142.89217719205664
757,-253.12898063778312,-557.482780321835,376.24541861785906
758,518.8484232035221,943.466787797211,1160.7173533609414
759,820.0898331277408,-897.6777095485531,1479.7566920435947
760,-337.20957840153187,-322.57682031901504,219.15019219663753
761,314.16671489573787,461.7091327880519,313.2601354720473
762,-753.9414940996364,519.493503985959,839.6853646325743
763,60.85001143156103,164.12545104999435,32.023974997357755
764,-264.0885763678625,-740.3745635049358,619.2813578769012
765,723.2131508652847,134.16073279540342,542.4204512324652
766,-82.5712984008062,-554.2669845026071,315.4139968529808
767,826.8587244900814,-135.5153109942297,703.4438372029997
768,692.7431994095016,701.2618395523164,973.0453953641837
769,-887.5547776667022,-911.8716395373294,1620.647457775259
770,-594.0361521004218,-340.3173204438825,470.0789160201521
771,126.23441007704423,-917.691590007403,859.4770680815873
772,-890.9856486355826,420.6954222353015,972.2241517880811
773,81.95616311217054,-423.39955683076266,187.3680848203275
774,-540.6438952311776,10.227642671254216,293.78451354912386
775,365.7504972256029,311.11186555089125,231.94810653110414
776,122.71982119001223,-774.2271066716228,615.8718546417934
777,-891.3382066311182,-255.04941182141,860.9180884945977
778,-138.00888818777617,-271.14549473691204,93.95041995872346
779,-0.0687281514285587,-215.23689906535367,47.7110148666006
780,-195.2699704948393,-640.2297373274539,449.4085653592085
781,-725.8981115336358,-654.2337492364137,956.333954391806
782,-908.784158946278,-901.304167498382,1639.621937325418
783,-231.01969706251577,-198.93655955396707,94.3299425817982
784,-674.3744295914324,43.94853398792998,458.0964323502306
785,-654.3980720538184,389.2734575327722,581.1547488710461
786,580.8678012749067,-547.6459416056423,638.7075673388476
787,-870.8847213290578,-144.41518363984176,780.6800305338925
788,697.0519807301314,-480.9632006122417,718.5911516067436
789,-108.25550966721084,411.8137628636,182.69391808095753
790,836.6086940496946,-117.14364675334105,715.0208283579797
791,-277.42615776872003,-475.03179437024687,304.00456610070376
792,-560.9992183096381,726.0413471100544,843.2402480811801
793,589.385111078727,529.6843500371008,629.324407259282
794,-582.2911095638311,-14.501344787177686,340.6573127014867
795,131.46721015095227,-191.45785920473065,55.323826619905674
796,283.08843050155633,682.538889903886,547.382483138836
797,933.0141867846028,-583.653170738803,1212.5505838785648
798,-517.1146313660074,-247.79968457616997,330.19631307262364
799,934.6724488468026,699.4142019071205,1364.1768998864256
800,452.5488292697289,-349.58837435006876,328.39656177789857
801,-124.34249501785689,695.2125436596193,500.16562435271635
802,-408.4855233016748,-673.229197665872,621.4820627606495
803,-770.414891805418,-958.9507996584829,1514.5098291049703
804,169.59024295339805,926.3829781020925,888.3303600460671
805,44.20886851373234,-177.86465741270956,34.97434783557757
806,-353.78576257563213,-450.0112429830493,329.0585720361432
807,332.7489869465535,-96.0047437976948,121.3228865693912
808,-888.8882416289048,79.179074278499,797.7757193334988
809,-245.11022263606992,-691.6737533301455,539.8756897102874
810,809.1511764475551,531.4739815813507,938.5743068681691
811,-837.2810911298875,395.7575782691006,859.0477737448508
812,796.8225339028213,621.6342236962855,1022.739346029569
813,229.20248912010447,24.59333327973104,54.522700484432086
814,-771.6305568652284,337.6560388248936,710.8094042668331
815,-225.5371184054394,-566.5376003939332,373.21593186251766
816,870.9450991064195,-105.66295358415823,771.0941128413915
817,21.27120889664343,7.537676646179079,1.893368320919552
818,811.8800346582393,-759.2610255312838,1237.0105829912534
819,686.0441373701146,-906.8594108733797,1294.4346369332907
820,616.3889647042124,-874.3599081501997,1145.8246922133292
821,940.5505326194229,831.5954046454503,1577.570308861883
822,-360.35758006952403,-538.3046312339563,421.0135489452617
823,-249.09505017978984,-661.994460069133,501.6690966100674
824,759.6110725419403,-765.5968733890938,1164.5316414952456
825,266.2105978013078,524.9965829656294,347.87358193108923
826,66.58479438279483,487.8302613918354,243.79598619639808
827,-62.04367108531892,-300.004192075147,95.23601980817749
828,815.73090226372,-342.5210184722522,784.1216404270244
829,-9.961320810647067,818.515517226235,671.4509672761963
830,318.72239215296804,915.7284700865164,941.5266816104748
831,-763.5709269126587,881.6430242172933,1361.7190700010442
832,700.0489665733887,-783.233290951209,1104.9070310785032
833,604.8735039993644,332.45690780342125,477.78363881045414
834,831.9470755242264,455.996981659988,901.4532711801049
835,462.48883671162594,-121.28221866065383,229.98938806989622
836,15.408991223642602,-284.09615296936477,82.33214856629556
837,-661.128744421756,-904.4035194195386,1256.421030062908
838,352.06932093349974,-796.7209783756124,760.1012115501412
839,382.7353671048618,626.5040373770769,540.3777575064437
840,132.2730004648447,545.1299766286065,316.0469254948504
841,-104.06099577589362,-546.984949763166,311.40531353305636
842,642.5422871548215,459.3685146756543,625.2641104812385
843,526.8671701905639,86.00571679837549,286.37008577038756
844,948.5665347011848,664.9068850386107,1343.2637239505348
845,641.273695581421,690.1877157861538,888.9751230905343
846,-820.3676744126744,30.530108319853298,675.3192961590545
847,-567.7177714015602,867.2926017116856,1075.8840123727514
848,17.37007835322106,-573.4915512603766,330.5783664128027
849,-834.1249245711175,712.6712278376181,1205.0487562021233
850,565.977843846654,299.14794721438625,411.2045014716612
851,396.560220463768,-846.6065976324962,875.3868270329162
852,342.7449927905275,776.6131285248641,721.9861689039284
853,519.9144092611373,931.671756081377,1139.707341460887
854,711.4386332849081,-370.98837627975786,645.1613916887617
855,-650.5826759597135,-374.4355483156804,564.8438855251384
856,801.074968385725,439.4822645911572,836.2498532881349
857,-936.9534763696528,509.5643669750357,1138.921748395619
858,-635.1618445152048,79.69219106112064,411.165501467852
859,656.328300009483,-491.0454717415947,673.2765801350357
860,-31.5645688900089,762.9250409626611,584.4350275608629
861,388.76306194194103,9.759917144244241,152.6160617369086
862,18.193412974929856,661.8033319454144,439.6987378735012
863,955.0616143712391,689.1122908099778,1388.4025240145456
864,-623.0331410073541,-896.5667436367087,1193.3863080125939
865,555.7141452480121,946.3915659684958,1205.859294788803
866,-796.8921931448481,270.8839162934878,709.7993510254759
867,449.83472242236144,856.7695401063588,937.7894097746371
868,664.3762320542949,-650.7801229131845,866.2946335213343
869,161.18693783108915,581.1078983952066,365.05170592842967
870,-613.2957316668671,-602.3985689949272,740.3997778317066
871,793.7360230995089,-827.2679802315887,1315.773272906049
872,915.0449708188196,-8.40085380690573,838.761960389272
873,-907.0715525137125,323.2276093024145,928.6389762187637
874,762.9187705289114,-631.2065928843323,981.8509007497656
875,-702.4142785082997,450.995596222931,698.1669338885849
876,303.9812547455051,87.65680393056982,101.4724059357466
877,64.80674251878736,126.66444686263844,21.627883398687114
878,-938.8351411740352,596.0243162987554,1238.040495346442
879,232.7482466163667,300.62748931992087,145.93272106156473
880,-506.2188294132031,474.6522063368325,482.93630765666916
881,233.20473508435998,927.2235288676511,915.5120083753188
882,295.2231561767853,244.09717541964073,148.12423041460198
883,64.19598184482129,294.9081027270356,92.47600056285296
884,-32.17519573550385,-286.9745618739797,84.77372980715316
885,-401.9840202012391,-111.51142323094746,175.41003743191425
886,26.287744210012647,300.7700823138923,92.53777533452916
887,731.6587069829015,918.4760605660683,1380.306824760628
888,-492.08541121961514,791.1638781941583,869.4724215181714
889,-353.45272329854004,854.1891957311038,855.9520971346769
890,-130.54320234397255,372.06563932409335,156.85845506763826
891,242.477649627672,803.6933294404146,706.1024657797514
892,276.3339344014232,-109.63811468676295,89.7650469176104
893,390.0107020546843,-334.49551133408863,265.3796822436137
894,-632.185923877287,-562.5515694212901,717.5073980307081
895,-345.4390287102044,-5.317652734446142,120.74048741062614
896,665.9985309056185,252.95045137559214,508.9220614433304
897,-656.3008792991345,-52.36527486763771,434.85705360455296
898,394.1297308171236,-414.9619327114051,328.91573773733546
899,506.8169812332301,-679.530147454376,720.0087611895028
900,-336.7463551533573,549.1006866663508,416.2937592303016
901,676.6825488903255,-899.1350620183308,1267.727219147188
902,45.72720154825504,323.1065345009747,107.87289702243685
903,-869.213099046058,153.88894893969746,780.5973075827897
904,-552.2014924145697,419.69108124382296,482.4511793242598
905,191.63656639040073,-7.847616241859441,38.170246082354524
906,405.1637168653833,-522.5061856933936,438.5544389758042
907,75.42377250178356,-25.139308097650655,7.704817693801962
908,693.3857109809287,519.0158050064306,751.5452374627737
909,-657.5659875381041,-391.42980875435364,586.9944105722045
910,115.19776962250808,901.4962408988081,827.3500859044549
911,205.44602269390225,-364.25665432619724,176.2750658854307
912,752.5920813869222,-412.6608388985817,738.0678963505535
913,824.9183514441938,-4.405392999950891,681.8937814606631
914,-282.88358038976173,-535.1891725089494,367.8346578487173
915,-47.91000946139911,66.43029781471841,8.092440898116092
916,-459.62595979357536,-137.521309537452,231.55222091683356
917,-612.1861967408186,98.43751227313669,385.84597072628463
918,587.0072480056349,-103.08259705883506,356.5876184513157
919,287.4976883817351,828.3198012632452,770.1527014133958
920,-567.3516899434887,713.7551760448375,832.7184788363022
921,-277.6858367165853,-380.92326075018957,223.59604191731955
922,-517.6466276931428,-206.733734413692,312.0809555304867
923,574.1283764268223,-696.2244369567795,815.7359466580563
924,468.16259306825873,902.2431456601767,1034.6029948629393
925,826.4966585267655,-436.92964858267396,875.3883317902603
926,864.6598805192591,427.07898529552926,931.4172560844108
927,-687.1655420966721,-621.5014195928975,859.8445842247727
928,497.89267414496453,-491.46180944365193,490.8159125326248
929,-544.4659050674263,-308.23894031283237,392.83845352984207
930,186.2009292929224,-577.5781106057095,369.65134734418166
931,837.4976151502749,70.61255834051599,707.7724762015633
932,742.1182650830694,928.7758121514439,1414.7481160312516
933,-318.5084841698857,-730.0841969597849,635.8546765623848
934,-684.5040479409506,83.21364781196871,476.85439025349416
935,-90.71097508643004,-116.86837639601288,23.270785826343626
936,-932.3868675747296,-317.2837677673182,971.3983475382146
937,578.1751473583206,285.50760246029927,417.18517950921654
938,-940.381653919077,-437.6989466939367,1077.282110388333
939,708.4881198791575,-778.3717201226523,1109.2020381203724
940,-468.5413201530719,773.7916141534749,819.6685182487963
941,317.82593300196345,869.4265695922977,858.2999710253716
942,-108.79878224767754,-769.0558194805353,604.6681159192278
943,523.6623794134007,337.42971859027807,389.46519002459115
944,-69.03731037373655,-868.763173652451,760.8996895420909
945,950.0032022305527,-216.2658832408805,950.6611039260351
946,-595.0164049433469,878.9292477542649,1127.9452321333556
947,321.189839278798,395.77151659172887,261.1820936250297
948,254.5417878591536,52.91766666877925,68.97588863597495
949,-129.66908112971714,-392.80512071032683,172.49402088105217
950,-602.3630896240268,365.9906827911552,498.17455905511184
951,-396.0193657736843,654.9775555500839,587.2110237659269
952,-612.8038428834882,117.90224838315089,390.81357745034563
953,838.0887305309088,-483.7690600722435,937.8093111498648
954,382.9444845560888,818.919339247384,818.6594498690731
955,46.38540016345428,-700.9389887290349,494.85115869257845
956,-460.8044423969043,23.222512932318978,214.26410666338614
957,-223.06546582933902,-768.6947936183301,642.0339752053596
958,42.42452342187687,-707.0577742612297,503.11462375459
959,721.394614356225,495.1555560443219,766.9733017275008
960,548.1858816442077,925.7737251715264,1158.948838475775
961,-644.262560706615,-450.22738743286834,619.1630349466434
962,-911.8183066311524,-221.71010326150167,881.9520816197005
963,-570.7350600800306,-927.4252145314797,1187.24012477709
964,-664.5172066685723,508.329917584608,701.3665104939489
965,784.9608118051424,372.1426314449161,756.0377016323074
966,-866.327323806408,444.90522389629564,949.8477776475584
967,683.2939262776345,-4.273823105720226,468.29294267561687
968,-711.7102245025452,693.7621064451607,989.2213914244624
969,-815.4051007909549,-554.1442256051034,973.3453885911597
970,958.3903934155951,171.15753775705502,949.1911363461295
971,-658.8471061721208,-442.8962074925579,631.6206473464414
972,-255.39544982667906,-400.72012240313074,227.18753971472438
973,576.4471234814453,214.71703801260765,379.7787800067127
974,-394.4232585394823,-185.8930803877704,191.51003163672988
975,-400.8363524226452,-394.6418071472251,317.7960247956912
976,224.0229944710809,-369.6324880949942,188.1985657308585
977,229.92361261875658,-661.6156949416056,491.98428285649635
978,591.2650075320796,-205.70808929931945,393.29421455885944
979,-329.40726790772624,664.3137626510229,551.2060108217647
980,-175.87998153512433,296.629737295641,120.30705637664923
981,-423.47188615456787,-722.156389254053,702.2223763275313
982,-75.29298820550116,-283.5688850150168,87.46443404534611
983,823.3084351098012,218.42911696412648,726.9321458844504
984,151.40895706290303,591.7734415270252,374.50456579938805
985,-936.2014264709453,-803.0538852748915,1522.752741005104
986,816.4425254236776,869.4929487270156,1423.9804726299656
987,772.8686372682869,-70.45784940741066,603.6743264398287
988,-135.92695295933459,-710.2731373875938,524.3481536589975
989,741.7865451049411,130.32676419755467,568.6164313887024
990,605.7667578808389,57.10804725876005,371.59878143894423
991,-437.02469321529,-478.1738256978513,421.02487748620996
992,660.7115231427356,-921.9431376316446,1287.902953263448
993,824.9513908394956,-882.4601847893668,1460.6648624102743
994,209.90271193358558,-162.9887248858564,72.00856034076376
995,-438.53882994139565,-118.98495301836942,207.85781183492446
996,-217.66368339310839,-696.3827935036354,533.7105615799549
997,-351.08486031639063,-734.3141030062578,663.8618684410371
998,276.67696055051533,-658.4537310529411,511.4955438607828
999,667.085089192612,607.4753920630469,815.4129556090404
